Image ID,Image name,Annotation status,Points,Bryozoan,Cnidaria: Colonial anemones,Cnidaria: True anemones,Crustacea: Barnacles,Molluscs: Bivalves,Molluscs: Gastropods,Sponge,Worms: Polychaetes: Tube worms,Substrate: Consolidated (hard),Unclear,Macroalgae: Articulated calcareous,Macroalgae: Encrusting,Macroalgae: Erect coarse branching,Macroalgae: Erect fine branching,Macroalgae: Filamentous / filiform,Macroalgae: Globose / saccate,Macroalgae: Laminate,Macroalgae: Large canopy-forming : brown,Macroalgae: Sheet-like / membraneous
2273090,DSCN8946.jpg,Unconfirmed,100,0.000,0.000,0.000,8.000,31.000,0.000,0.000,0.000,27.000,0.000,0.000,0.000,0.000,0.000,0.000,0.000,0.000,0.000,34.000
2273091,DSCN8947.jpg,Unconfirmed,100,0.000,0.000,0.000,0.000,29.000,0.000,0.000,0.000,13.000,0.000,0.000,0.000,0.000,0.000,0.000,0.000,0.000,0.000,58.000
2273089,DSCN8948.jpg,Unconfirmed,100,0.000,0.000,0.000,1.000,16.000,0.000,0.000,0.000,34.000,0.000,0.000,0.000,0.000,0.000,0.000,0.000,0.000,0.000,49.000
2273088,DSCN8949.jpg,Unconfirmed,100,0.000,0.000,0.000,2.000,54.000,0.000,0.000,0.000,21.000,0.000,0.000,0.000,0.000,0.000,0.000,0.000,0.000,0.000,23.000
2273087,DSCN8950.jpg,Unconfirmed,100,0.000,0.000,0.000,0.000,16.000,0.000,0.000,0.000,74.000,0.000,0.000,0.000,0.000,0.000,0.000,0.000,0.000,0.000,10.000
2273086,DSCN8951.jpg,Unconfirmed,100,0.000,0.000,0.000,1.000,33.000,0.000,0.000,0.000,55.000,0.000,0.000,0.000,0.000,0.000,0.000,0.000,0.000,0.000,11.000
2273085,DSCN8952.jpg,Unconfirmed,100,0.000,0.000,0.000,0.000,15.000,0.000,0.000,0.000,70.000,0.000,0.000,0.000,0.000,0.000,0.000,0.000,0.000,0.000,15.000
2273084,DSCN8953.jpg,Unconfirmed,100,0.000,0.000,0.000,0.000,37.000,0.000,0.000,0.000,49.000,0.000,0.000,0.000,0.000,0.000,0.000,0.000,0.000,0.000,14.000
2273083,DSCN8954.jpg,Unconfirmed,100,0.000,0.000,0.000,2.000,24.000,0.000,0.000,0.000,21.000,0.000,0.000,0.000,0.000,0.000,0.000,0.000,0.000,0.000,53.000
2273082,DSCN8955.jpg,Unconfirmed,100,0.000,0.000,0.000,0.000,33.000,0.000,0.000,0.000,51.000,0.000,0.000,0.000,0.000,0.000,0.000,0.000,0.000,0.000,16.000
2273081,DSCN8956.jpg,Unconfirmed,100,0.000,0.000,0.000,0.000,57.000,0.000,0.000,0.000,25.000,0.000,0.000,0.000,0.000,0.000,0.000,0.000,0.000,0.000,18.000
2273080,DSCN8957.jpg,Unconfirmed,100,0.000,0.000,0.000,0.000,16.000,0.000,0.000,0.000,75.000,0.000,0.000,0.000,0.000,0.000,0.000,0.000,0.000,0.000,9.000
2273079,DSCN8958.jpg,Unconfirmed,100,0.000,0.000,0.000,2.000,32.000,0.000,0.000,0.000,49.000,0.000,0.000,0.000,0.000,0.000,0.000,0.000,0.000,0.000,17.000
2273078,DSCN8959.jpg,Unconfirmed,100,0.000,0.000,0.000,1.000,23.000,0.000,0.000,0.000,60.000,0.000,0.000,0.000,0.000,0.000,0.000,0.000,0.000,0.000,16.000
2273077,DSCN8960.jpg,Unconfirmed,100,0.000,0.000,0.000,0.000,47.000,0.000,0.000,0.000,8.000,0.000,0.000,0.000,0.000,0.000,0.000,0.000,0.000,0.000,45.000
2273076,DSCN8961.jpg,Unconfirmed,100,0.000,0.000,0.000,0.000,27.000,0.000,0.000,0.000,29.000,0.000,0.000,0.000,0.000,0.000,0.000,0.000,0.000,0.000,44.000
2273075,DSCN8962.jpg,Unconfirmed,100,0.000,0.000,0.000,21.000,57.000,0.000,0.000,0.000,5.000,0.000,0.000,0.000,0.000,0.000,0.000,0.000,0.000,0.000,17.000
2273074,DSCN8963.jpg,Unconfirmed,100,0.000,0.000,0.000,36.000,63.000,0.000,0.000,0.000,0.000,0.000,0.000,0.000,0.000,0.000,0.000,0.000,0.000,0.000,1.000
2273073,DSCN8964.jpg,Unconfirmed,100,0.000,0.000,0.000,30.000,68.000,0.000,0.000,0.000,0.000,0.000,0.000,0.000,0.000,0.000,0.000,0.000,0.000,0.000,2.000
2273071,DSCN8965.jpg,Unconfirmed,100,0.000,0.000,0.000,30.000,53.000,0.000,0.000,0.000,1.000,0.000,0.000,0.000,0.000,0.000,0.000,0.000,0.000,0.000,16.000
2273072,DSCN8966.jpg,Unconfirmed,100,0.000,0.000,0.000,5.000,33.000,0.000,0.000,0.000,13.000,0.000,0.000,0.000,0.000,0.000,0.000,0.000,0.000,0.000,49.000
2273070,DSCN8967.jpg,Unconfirmed,100,0.000,0.000,0.000,10.000,40.000,0.000,0.000,0.000,21.000,0.000,0.000,0.000,0.000,0.000,0.000,0.000,0.000,0.000,29.000
2273069,DSCN8968.jpg,Unconfirmed,100,0.000,0.000,0.000,42.000,56.000,0.000,0.000,0.000,2.000,0.000,0.000,0.000,0.000,0.000,0.000,0.000,0.000,0.000,0.000
2273067,DSCN8969.jpg,Unconfirmed,100,0.000,0.000,0.000,1.000,35.000,0.000,0.000,0.000,8.000,0.000,0.000,0.000,0.000,0.000,0.000,0.000,0.000,0.000,56.000
2273068,DSCN8970.jpg,Unconfirmed,100,0.000,0.000,0.000,0.000,0.000,0.000,0.000,0.000,4.000,0.000,0.000,0.000,0.000,0.000,0.000,0.000,0.000,0.000,96.000
2273066,DSCN8971.jpg,Unconfirmed,100,0.000,0.000,0.000,2.000,11.000,0.000,0.000,0.000,27.000,0.000,0.000,0.000,0.000,0.000,0.000,0.000,0.000,0.000,60.000
2273065,DSCN8972.jpg,Unconfirmed,100,0.000,0.000,0.000,0.000,9.000,0.000,0.000,0.000,14.000,0.000,0.000,0.000,0.000,0.000,0.000,0.000,0.000,0.000,77.000
2273064,DSCN8973.jpg,Unconfirmed,100,0.000,0.000,0.000,0.000,3.000,0.000,0.000,0.000,9.000,0.000,0.000,0.000,0.000,0.000,0.000,0.000,0.000,0.000,88.000
2273063,DSCN8974.jpg,Unconfirmed,100,0.000,0.000,0.000,0.000,11.000,0.000,0.000,0.000,1.000,0.000,0.000,0.000,0.000,0.000,0.000,0.000,0.000,0.000,88.000
2273062,DSCN8975.jpg,Unconfirmed,100,0.000,0.000,0.000,0.000,5.000,0.000,0.000,0.000,13.000,0.000,0.000,0.000,0.000,0.000,0.000,0.000,0.000,0.000,82.000
2273061,DSCN8976.jpg,Unconfirmed,100,0.000,0.000,0.000,0.000,22.000,0.000,0.000,0.000,35.000,0.000,0.000,0.000,0.000,0.000,0.000,0.000,0.000,0.000,43.000
2273059,DSCN8977.jpg,Unconfirmed,100,0.000,0.000,0.000,0.000,51.000,0.000,0.000,0.000,6.000,0.000,0.000,0.000,0.000,0.000,0.000,0.000,0.000,0.000,43.000
2273060,DSCN8978.jpg,Unconfirmed,100,0.000,0.000,0.000,1.000,31.000,0.000,0.000,0.000,19.000,0.000,0.000,0.000,0.000,0.000,0.000,0.000,0.000,0.000,49.000
2273058,DSCN8979.jpg,Unconfirmed,100,0.000,0.000,0.000,1.000,19.000,0.000,0.000,0.000,10.000,0.000,0.000,0.000,0.000,0.000,0.000,0.000,0.000,0.000,70.000
2273057,DSCN8980.jpg,Unconfirmed,100,0.000,0.000,0.000,4.000,28.000,0.000,0.000,0.000,9.000,0.000,0.000,0.000,0.000,0.000,0.000,0.000,0.000,0.000,59.000
2273056,DSCN8981.jpg,Unconfirmed,100,0.000,0.000,0.000,0.000,16.000,0.000,0.000,0.000,61.000,0.000,0.000,0.000,0.000,0.000,0.000,0.000,0.000,0.000,23.000
2273055,DSCN8982.jpg,Unconfirmed,100,0.000,0.000,0.000,0.000,22.000,0.000,0.000,0.000,55.000,0.000,0.000,0.000,0.000,0.000,0.000,0.000,0.000,0.000,23.000
2273054,DSCN8983.jpg,Unconfirmed,100,0.000,0.000,0.000,1.000,38.000,0.000,0.000,0.000,41.000,0.000,0.000,0.000,0.000,0.000,0.000,0.000,0.000,0.000,20.000
2273053,DSCN8984.jpg,Unconfirmed,100,0.000,0.000,0.000,1.000,21.000,0.000,0.000,0.000,61.000,0.000,0.000,0.000,0.000,0.000,0.000,0.000,0.000,0.000,17.000
2273052,DSCN8985.jpg,Unconfirmed,100,0.000,0.000,0.000,5.000,51.000,0.000,0.000,0.000,38.000,0.000,0.000,0.000,0.000,0.000,0.000,0.000,0.000,0.000,6.000
2273051,DSCN8986.jpg,Unconfirmed,100,0.000,0.000,0.000,3.000,33.000,0.000,0.000,0.000,49.000,0.000,0.000,0.000,0.000,0.000,0.000,0.000,0.000,0.000,15.000
2273050,DSCN8987.jpg,Unconfirmed,100,0.000,0.000,0.000,2.000,31.000,0.000,0.000,0.000,40.000,0.000,0.000,0.000,0.000,0.000,0.000,0.000,0.000,0.000,27.000
2273049,DSCN8988.jpg,Unconfirmed,100,0.000,0.000,0.000,5.000,31.000,0.000,0.000,0.000,48.000,0.000,0.000,0.000,0.000,0.000,0.000,0.000,0.000,0.000,16.000
2273048,DSCN8989.jpg,Unconfirmed,100,0.000,0.000,0.000,19.000,24.000,0.000,0.000,0.000,14.000,0.000,0.000,0.000,0.000,0.000,0.000,0.000,0.000,0.000,43.000
2273047,DSCN8990.jpg,Unconfirmed,100,0.000,0.000,0.000,5.000,24.000,0.000,0.000,0.000,54.000,0.000,0.000,0.000,0.000,0.000,0.000,0.000,0.000,0.000,17.000
2273046,DSCN8991.jpg,Unconfirmed,100,0.000,0.000,0.000,0.000,63.000,0.000,0.000,0.000,21.000,0.000,0.000,0.000,0.000,0.000,0.000,0.000,0.000,0.000,16.000
2273045,DSCN8992.jpg,Unconfirmed,100,0.000,0.000,0.000,29.000,38.000,0.000,0.000,0.000,29.000,0.000,0.000,0.000,0.000,0.000,0.000,0.000,0.000,0.000,4.000
2273044,DSCN8993.jpg,Unconfirmed,100,0.000,0.000,0.000,2.000,11.000,0.000,0.000,0.000,36.000,0.000,0.000,0.000,0.000,0.000,0.000,0.000,0.000,0.000,51.000
2273043,DSCN8994.jpg,Unconfirmed,100,0.000,0.000,0.000,6.000,21.000,0.000,0.000,0.000,11.000,0.000,0.000,0.000,0.000,0.000,0.000,0.000,0.000,0.000,62.000
2273042,DSCN8995.jpg,Unconfirmed,100,0.000,0.000,0.000,0.000,39.000,0.000,0.000,0.000,7.000,0.000,0.000,0.000,0.000,0.000,0.000,0.000,0.000,0.000,54.000
2273041,DSCN8996.jpg,Unconfirmed,100,0.000,0.000,0.000,2.000,45.000,0.000,0.000,0.000,7.000,0.000,0.000,0.000,0.000,0.000,0.000,0.000,0.000,0.000,46.000
2273040,DSCN8997.jpg,Unconfirmed,100,0.000,0.000,0.000,8.000,9.000,0.000,0.000,0.000,83.000,0.000,0.000,0.000,0.000,0.000,0.000,0.000,0.000,0.000,0.000
2273039,DSCN8998.jpg,Unconfirmed,100,0.000,0.000,0.000,3.000,36.000,0.000,0.000,0.000,60.000,0.000,0.000,0.000,0.000,0.000,0.000,0.000,0.000,0.000,1.000
2273038,DSCN8999.jpg,Unconfirmed,100,0.000,0.000,0.000,0.000,73.000,0.000,0.000,0.000,25.000,0.000,0.000,0.000,0.000,0.000,0.000,0.000,0.000,0.000,2.000
2273037,DSCN9000.jpg,Unconfirmed,100,0.000,0.000,0.000,2.000,9.000,0.000,0.000,0.000,88.000,0.000,0.000,0.000,0.000,0.000,0.000,0.000,0.000,0.000,1.000
2273036,DSCN9001.jpg,Unconfirmed,100,0.000,0.000,0.000,27.000,13.000,0.000,0.000,0.000,58.000,0.000,0.000,0.000,0.000,0.000,0.000,0.000,0.000,0.000,2.000
2273035,DSCN9002.jpg,Unconfirmed,100,0.000,0.000,0.000,2.000,7.000,0.000,0.000,0.000,84.000,0.000,0.000,0.000,0.000,0.000,0.000,0.000,0.000,0.000,7.000
2273034,DSCN9003.jpg,Unconfirmed,100,0.000,0.000,0.000,1.000,30.000,0.000,0.000,0.000,42.000,0.000,0.000,0.000,0.000,0.000,0.000,0.000,0.000,0.000,27.000
2273033,DSCN9004.jpg,Unconfirmed,100,0.000,0.000,0.000,2.000,16.000,0.000,0.000,0.000,81.000,0.000,0.000,0.000,0.000,0.000,0.000,0.000,0.000,0.000,1.000
2273032,DSCN9005.jpg,Unconfirmed,100,0.000,0.000,0.000,3.000,25.000,0.000,0.000,0.000,72.000,0.000,0.000,0.000,0.000,0.000,0.000,0.000,0.000,0.000,0.000
2273031,DSCN9006.jpg,Unconfirmed,100,0.000,0.000,0.000,1.000,10.000,0.000,0.000,0.000,88.000,0.000,0.000,0.000,0.000,0.000,0.000,0.000,0.000,0.000,1.000
2273030,DSCN9007.jpg,Unconfirmed,100,0.000,0.000,0.000,1.000,66.000,0.000,0.000,0.000,16.000,0.000,0.000,0.000,0.000,0.000,0.000,0.000,0.000,0.000,17.000
2273029,DSCN9008.jpg,Unconfirmed,100,0.000,0.000,0.000,1.000,11.000,0.000,0.000,0.000,88.000,0.000,0.000,0.000,0.000,0.000,0.000,0.000,0.000,0.000,0.000
2273028,DSCN9009.jpg,Unconfirmed,100,0.000,0.000,0.000,4.000,48.000,0.000,0.000,0.000,39.000,0.000,0.000,0.000,0.000,0.000,0.000,0.000,0.000,0.000,9.000
2273027,DSCN9010.jpg,Unconfirmed,100,0.000,0.000,0.000,2.000,53.000,0.000,0.000,0.000,30.000,0.000,0.000,0.000,0.000,0.000,0.000,0.000,0.000,0.000,15.000
2273026,DSCN9011.jpg,Unconfirmed,100,0.000,0.000,0.000,2.000,47.000,0.000,0.000,0.000,44.000,0.000,0.000,0.000,0.000,0.000,0.000,0.000,0.000,0.000,7.000
2273025,DSCN9012.jpg,Unconfirmed,100,0.000,0.000,0.000,2.000,31.000,0.000,0.000,0.000,64.000,0.000,0.000,0.000,0.000,0.000,0.000,0.000,0.000,0.000,3.000
2273024,DSCN9013.jpg,Unconfirmed,100,0.000,0.000,0.000,0.000,29.000,0.000,0.000,0.000,69.000,0.000,0.000,0.000,0.000,0.000,0.000,0.000,0.000,0.000,2.000
2273023,DSCN9014.jpg,Unconfirmed,100,0.000,0.000,0.000,14.000,13.000,0.000,0.000,0.000,73.000,0.000,0.000,0.000,0.000,0.000,0.000,0.000,0.000,0.000,0.000
2273022,DSCN9015.jpg,Unconfirmed,100,0.000,0.000,0.000,4.000,18.000,0.000,0.000,0.000,74.000,0.000,0.000,0.000,0.000,0.000,0.000,0.000,0.000,0.000,4.000
2273021,DSCN9016.jpg,Unconfirmed,100,0.000,0.000,0.000,1.000,22.000,0.000,0.000,0.000,50.000,0.000,0.000,0.000,0.000,0.000,0.000,0.000,0.000,0.000,27.000
2273020,DSCN9017.jpg,Unconfirmed,100,0.000,0.000,0.000,1.000,14.000,0.000,0.000,0.000,33.000,0.000,0.000,0.000,0.000,0.000,0.000,0.000,0.000,0.000,52.000
2273019,DSCN9018.jpg,Unconfirmed,100,0.000,0.000,0.000,6.000,18.000,0.000,0.000,0.000,74.000,0.000,0.000,0.000,0.000,0.000,0.000,0.000,0.000,0.000,2.000
2273018,DSCN9019.jpg,Unconfirmed,100,0.000,0.000,0.000,0.000,4.000,0.000,0.000,0.000,91.000,0.000,0.000,0.000,0.000,0.000,0.000,0.000,0.000,0.000,5.000
2273017,DSCN9022.jpg,Unconfirmed,100,0.000,0.000,0.000,3.000,5.000,0.000,0.000,0.000,92.000,0.000,0.000,0.000,0.000,0.000,0.000,0.000,0.000,0.000,0.000
2273016,DSCN9023.jpg,Unconfirmed,100,0.000,0.000,0.000,0.000,33.000,0.000,0.000,0.000,59.000,0.000,0.000,0.000,0.000,0.000,0.000,0.000,0.000,0.000,8.000
2273015,DSCN9024.jpg,Unconfirmed,100,0.000,0.000,0.000,4.000,48.000,0.000,0.000,0.000,14.000,0.000,0.000,0.000,0.000,0.000,0.000,0.000,0.000,0.000,34.000
2273014,DSCN9025.jpg,Unconfirmed,100,0.000,0.000,0.000,0.000,28.000,0.000,0.000,0.000,26.000,0.000,0.000,0.000,0.000,0.000,0.000,0.000,0.000,0.000,46.000
2273013,DSCN9026.jpg,Unconfirmed,100,0.000,0.000,0.000,1.000,21.000,0.000,0.000,0.000,32.000,0.000,0.000,0.000,0.000,0.000,0.000,0.000,0.000,0.000,46.000
2273012,DSCN9027.jpg,Unconfirmed,100,0.000,0.000,0.000,0.000,79.000,0.000,0.000,0.000,9.000,0.000,0.000,0.000,0.000,0.000,0.000,0.000,0.000,0.000,12.000
2273011,DSCN9028.jpg,Unconfirmed,100,0.000,0.000,0.000,2.000,67.000,0.000,0.000,0.000,22.000,0.000,0.000,0.000,0.000,0.000,0.000,0.000,0.000,0.000,9.000
2243368,DSCN9029.jpg,Unconfirmed,100,0.000,0.000,0.000,2.000,45.000,0.000,0.000,0.000,50.000,0.000,0.000,0.000,0.000,0.000,0.000,0.000,0.000,0.000,3.000
2243227,DSCN9030.jpg,Unconfirmed,100,0.000,0.000,0.000,0.000,59.000,0.000,0.000,0.000,35.000,0.000,0.000,0.000,0.000,0.000,0.000,0.000,0.000,0.000,6.000
2243226,DSCN9031.jpg,Unconfirmed,100,0.000,0.000,0.000,5.000,36.000,0.000,0.000,0.000,47.000,0.000,0.000,0.000,0.000,0.000,0.000,0.000,0.000,0.000,12.000
2243225,DSCN9032.jpg,Unconfirmed,100,0.000,0.000,0.000,2.000,61.000,0.000,0.000,0.000,26.000,0.000,0.000,0.000,0.000,0.000,0.000,0.000,0.000,0.000,11.000
2243223,DSCN9033.jpg,Unconfirmed,100,0.000,0.000,0.000,5.000,41.000,0.000,0.000,0.000,23.000,0.000,0.000,0.000,0.000,0.000,0.000,0.000,0.000,0.000,31.000
2243224,DSCN9034.jpg,Unconfirmed,100,0.000,0.000,0.000,5.000,35.000,0.000,0.000,0.000,49.000,0.000,0.000,0.000,0.000,0.000,0.000,0.000,0.000,0.000,11.000
2243222,DSCN9035.jpg,Unconfirmed,100,0.000,0.000,0.000,1.000,38.000,0.000,0.000,0.000,13.000,0.000,0.000,0.000,0.000,0.000,0.000,0.000,0.000,0.000,48.000
2243221,DSCN9036.jpg,Unconfirmed,100,0.000,0.000,0.000,25.000,39.000,0.000,0.000,0.000,29.000,0.000,0.000,0.000,0.000,0.000,0.000,0.000,0.000,0.000,7.000
2243220,DSCN9037.jpg,Unconfirmed,100,0.000,0.000,0.000,6.000,20.000,0.000,0.000,0.000,68.000,0.000,0.000,0.000,0.000,0.000,0.000,0.000,0.000,0.000,6.000
2243219,DSCN9038.jpg,Unconfirmed,100,0.000,0.000,0.000,0.000,74.000,0.000,0.000,0.000,3.000,0.000,0.000,0.000,0.000,0.000,0.000,0.000,0.000,0.000,23.000
2243218,DSCN9039.jpg,Unconfirmed,100,0.000,0.000,0.000,2.000,38.000,0.000,0.000,0.000,57.000,0.000,0.000,0.000,0.000,0.000,0.000,0.000,0.000,0.000,3.000
2273208,DSCN9045.jpg,Unconfirmed,100,0.000,0.000,0.000,13.000,47.000,0.000,0.000,0.000,37.000,0.000,0.000,0.000,0.000,0.000,0.000,0.000,0.000,0.000,3.000
2273209,DSCN9046.jpg,Unconfirmed,100,0.000,0.000,0.000,12.000,65.000,0.000,0.000,0.000,18.000,0.000,0.000,0.000,0.000,0.000,0.000,0.000,0.000,0.000,5.000
2273207,DSCN9047.jpg,Unconfirmed,100,0.000,0.000,0.000,6.000,51.000,0.000,0.000,0.000,43.000,0.000,0.000,0.000,0.000,0.000,0.000,0.000,0.000,0.000,0.000
2273206,DSCN9048.jpg,Unconfirmed,100,0.000,0.000,0.000,6.000,44.000,0.000,0.000,0.000,49.000,0.000,0.000,0.000,0.000,0.000,0.000,0.000,0.000,0.000,1.000
2273205,DSCN9049.jpg,Unconfirmed,100,0.000,0.000,0.000,10.000,37.000,0.000,0.000,0.000,52.000,0.000,0.000,0.000,0.000,0.000,0.000,0.000,0.000,0.000,1.000
2273204,DSCN9050.jpg,Unconfirmed,100,0.000,0.000,0.000,2.000,64.000,0.000,0.000,0.000,34.000,0.000,0.000,0.000,0.000,0.000,0.000,0.000,0.000,0.000,0.000
2273203,DSCN9051.jpg,Unconfirmed,100,0.000,0.000,0.000,12.000,53.000,0.000,0.000,0.000,34.000,0.000,0.000,0.000,0.000,0.000,0.000,0.000,0.000,0.000,1.000
2273202,DSCN9052.jpg,Unconfirmed,100,0.000,0.000,0.000,8.000,53.000,0.000,0.000,0.000,39.000,0.000,0.000,0.000,0.000,0.000,0.000,0.000,0.000,0.000,0.000
2273201,DSCN9053.jpg,Unconfirmed,100,0.000,0.000,0.000,13.000,46.000,0.000,0.000,0.000,41.000,0.000,0.000,0.000,0.000,0.000,0.000,0.000,0.000,0.000,0.000
2273200,DSCN9056.jpg,Unconfirmed,100,0.000,0.000,0.000,11.000,45.000,0.000,0.000,0.000,41.000,0.000,0.000,0.000,0.000,0.000,0.000,0.000,0.000,0.000,3.000
2273199,DSCN9057.jpg,Unconfirmed,100,0.000,0.000,0.000,3.000,59.000,0.000,0.000,0.000,38.000,0.000,0.000,0.000,0.000,0.000,0.000,0.000,0.000,0.000,0.000
2273198,DSCN9058.jpg,Unconfirmed,100,0.000,0.000,0.000,11.000,50.000,0.000,0.000,0.000,38.000,0.000,0.000,0.000,0.000,0.000,0.000,0.000,0.000,0.000,1.000
2273197,DSCN9059.jpg,Unconfirmed,100,0.000,0.000,0.000,9.000,66.000,0.000,0.000,0.000,23.000,0.000,0.000,0.000,0.000,0.000,0.000,0.000,0.000,0.000,2.000
2273196,DSCN9060.jpg,Unconfirmed,100,0.000,0.000,0.000,6.000,67.000,0.000,0.000,0.000,23.000,0.000,0.000,0.000,0.000,0.000,0.000,0.000,0.000,0.000,4.000
2273195,DSCN9061.jpg,Unconfirmed,100,0.000,0.000,0.000,23.000,49.000,0.000,0.000,0.000,27.000,0.000,0.000,0.000,0.000,0.000,0.000,0.000,0.000,0.000,1.000
2273194,DSCN9062.jpg,Unconfirmed,100,0.000,0.000,0.000,6.000,71.000,0.000,0.000,0.000,23.000,0.000,0.000,0.000,0.000,0.000,0.000,0.000,0.000,0.000,0.000
2273193,DSCN9063.jpg,Unconfirmed,100,0.000,0.000,0.000,9.000,65.000,0.000,0.000,0.000,22.000,0.000,0.000,0.000,0.000,0.000,0.000,0.000,0.000,0.000,4.000
2273192,DSCN9064.jpg,Unconfirmed,100,0.000,0.000,0.000,5.000,55.000,0.000,0.000,0.000,38.000,0.000,0.000,0.000,0.000,0.000,0.000,0.000,0.000,0.000,2.000
2273191,DSCN9065.jpg,Unconfirmed,100,0.000,0.000,0.000,7.000,70.000,0.000,0.000,0.000,22.000,0.000,0.000,0.000,0.000,0.000,0.000,0.000,0.000,0.000,1.000
2273190,DSCN9066.jpg,Unconfirmed,100,0.000,0.000,0.000,30.000,49.000,0.000,0.000,0.000,13.000,0.000,0.000,0.000,0.000,0.000,0.000,0.000,0.000,0.000,8.000
2273189,DSCN9067.jpg,Unconfirmed,100,0.000,0.000,0.000,9.000,78.000,0.000,0.000,0.000,12.000,0.000,0.000,0.000,0.000,0.000,0.000,0.000,0.000,0.000,1.000
2273188,DSCN9068.jpg,Unconfirmed,100,0.000,0.000,0.000,7.000,63.000,0.000,0.000,0.000,26.000,0.000,0.000,0.000,0.000,0.000,0.000,0.000,0.000,0.000,4.000
2273187,DSCN9069.jpg,Unconfirmed,100,0.000,0.000,0.000,6.000,65.000,0.000,0.000,0.000,23.000,0.000,0.000,0.000,0.000,0.000,0.000,0.000,0.000,0.000,6.000
2273186,DSCN9070.jpg,Unconfirmed,100,0.000,0.000,0.000,10.000,47.000,0.000,0.000,0.000,25.000,0.000,0.000,0.000,0.000,0.000,0.000,0.000,0.000,0.000,18.000
2273185,DSCN9071.jpg,Unconfirmed,100,0.000,0.000,0.000,9.000,66.000,0.000,0.000,0.000,24.000,0.000,0.000,0.000,0.000,0.000,0.000,0.000,0.000,0.000,1.000
2273184,DSCN9072.jpg,Unconfirmed,100,0.000,0.000,0.000,14.000,53.000,0.000,0.000,0.000,27.000,0.000,0.000,0.000,0.000,0.000,0.000,0.000,0.000,0.000,6.000
2273183,DSCN9073.jpg,Unconfirmed,100,0.000,0.000,0.000,25.000,42.000,0.000,0.000,0.000,25.000,0.000,0.000,0.000,0.000,0.000,0.000,0.000,0.000,0.000,8.000
2273182,DSCN9074.jpg,Unconfirmed,100,0.000,0.000,0.000,27.000,41.000,0.000,0.000,0.000,31.000,0.000,0.000,0.000,0.000,0.000,0.000,0.000,0.000,0.000,1.000
2273181,DSCN9075.jpg,Unconfirmed,100,0.000,0.000,0.000,28.000,42.000,0.000,0.000,0.000,21.000,0.000,0.000,0.000,0.000,0.000,0.000,0.000,0.000,0.000,9.000
2273180,DSCN9076.jpg,Unconfirmed,100,0.000,0.000,0.000,21.000,34.000,0.000,0.000,0.000,43.000,0.000,0.000,0.000,0.000,0.000,0.000,0.000,0.000,0.000,2.000
2273179,DSCN9077.jpg,Unconfirmed,100,0.000,0.000,0.000,22.000,46.000,0.000,0.000,0.000,29.000,0.000,0.000,0.000,0.000,0.000,0.000,0.000,0.000,0.000,3.000
2273178,DSCN9078.jpg,Unconfirmed,100,0.000,0.000,0.000,23.000,22.000,0.000,0.000,0.000,46.000,0.000,0.000,0.000,0.000,0.000,0.000,0.000,0.000,0.000,9.000
2273177,DSCN9079.jpg,Unconfirmed,100,0.000,0.000,0.000,23.000,47.000,0.000,0.000,0.000,18.000,0.000,0.000,0.000,0.000,0.000,0.000,0.000,0.000,0.000,12.000
2273176,DSCN9080.jpg,Unconfirmed,100,0.000,0.000,0.000,20.000,60.000,0.000,0.000,0.000,20.000,0.000,0.000,0.000,0.000,0.000,0.000,0.000,0.000,0.000,0.000
2273175,DSCN9081.jpg,Unconfirmed,100,0.000,0.000,0.000,25.000,25.000,0.000,0.000,0.000,41.000,0.000,0.000,0.000,0.000,0.000,0.000,0.000,0.000,0.000,9.000
2273174,DSCN9082.jpg,Unconfirmed,100,0.000,0.000,0.000,18.000,24.000,0.000,0.000,0.000,25.000,0.000,0.000,0.000,0.000,0.000,0.000,0.000,0.000,0.000,33.000
2273173,DSCN9083.jpg,Unconfirmed,100,0.000,0.000,0.000,21.000,52.000,0.000,0.000,0.000,17.000,0.000,0.000,0.000,0.000,0.000,0.000,0.000,0.000,0.000,10.000
2273172,DSCN9085.jpg,Unconfirmed,100,0.000,0.000,0.000,9.000,88.000,0.000,0.000,0.000,0.000,0.000,0.000,0.000,0.000,0.000,0.000,0.000,0.000,0.000,3.000
2273171,DSCN9086.jpg,Unconfirmed,100,0.000,0.000,0.000,3.000,86.000,0.000,0.000,0.000,9.000,0.000,0.000,0.000,0.000,0.000,0.000,0.000,0.000,0.000,2.000
2273170,DSCN9087.jpg,Unconfirmed,100,0.000,0.000,0.000,4.000,96.000,0.000,0.000,0.000,0.000,0.000,0.000,0.000,0.000,0.000,0.000,0.000,0.000,0.000,0.000
2273169,DSCN9088.jpg,Unconfirmed,100,0.000,0.000,0.000,27.000,56.000,0.000,0.000,0.000,3.000,0.000,0.000,0.000,0.000,0.000,0.000,0.000,0.000,0.000,14.000
2273168,DSCN9089.jpg,Unconfirmed,100,0.000,0.000,0.000,25.000,75.000,0.000,0.000,0.000,0.000,0.000,0.000,0.000,0.000,0.000,0.000,0.000,0.000,0.000,0.000
2273167,DSCN9090.jpg,Unconfirmed,100,0.000,0.000,0.000,8.000,82.000,0.000,0.000,0.000,9.000,0.000,0.000,0.000,0.000,0.000,0.000,0.000,0.000,0.000,1.000
2273166,DSCN9091.jpg,Unconfirmed,100,0.000,0.000,0.000,29.000,56.000,0.000,0.000,0.000,4.000,0.000,0.000,0.000,0.000,0.000,0.000,0.000,0.000,0.000,11.000
2273165,DSCN9092.jpg,Unconfirmed,100,0.000,0.000,0.000,3.000,43.000,0.000,0.000,0.000,23.000,0.000,0.000,0.000,0.000,0.000,0.000,0.000,0.000,0.000,31.000
2273164,DSCN9093.jpg,Unconfirmed,100,0.000,0.000,0.000,11.000,73.000,0.000,0.000,0.000,5.000,0.000,0.000,0.000,0.000,0.000,0.000,0.000,0.000,0.000,11.000
2273163,DSCN9094.jpg,Unconfirmed,100,0.000,0.000,0.000,1.000,37.000,0.000,0.000,0.000,15.000,0.000,0.000,0.000,0.000,0.000,0.000,0.000,0.000,0.000,47.000
2273162,DSCN9095.jpg,Unconfirmed,100,0.000,0.000,0.000,27.000,71.000,0.000,0.000,0.000,2.000,0.000,0.000,0.000,0.000,0.000,0.000,0.000,0.000,0.000,0.000
2273161,DSCN9096.jpg,Unconfirmed,100,0.000,0.000,0.000,0.000,96.000,0.000,0.000,0.000,4.000,0.000,0.000,0.000,0.000,0.000,0.000,0.000,0.000,0.000,0.000
2273160,DSCN9097.jpg,Unconfirmed,100,0.000,0.000,0.000,4.000,89.000,0.000,0.000,0.000,7.000,0.000,0.000,0.000,0.000,0.000,0.000,0.000,0.000,0.000,0.000
2273159,DSCN9098.jpg,Unconfirmed,100,0.000,0.000,0.000,18.000,72.000,0.000,0.000,0.000,10.000,0.000,0.000,0.000,0.000,0.000,0.000,0.000,0.000,0.000,0.000
2273158,DSCN9099.jpg,Unconfirmed,100,0.000,0.000,0.000,8.000,43.000,0.000,0.000,0.000,11.000,0.000,0.000,0.000,0.000,0.000,0.000,0.000,0.000,0.000,38.000
2273157,DSCN9100.jpg,Unconfirmed,100,0.000,0.000,0.000,2.000,43.000,0.000,0.000,0.000,17.000,0.000,0.000,0.000,0.000,0.000,0.000,0.000,0.000,0.000,38.000
2273156,DSCN9101.jpg,Unconfirmed,100,0.000,0.000,0.000,22.000,59.000,0.000,0.000,0.000,6.000,0.000,0.000,0.000,0.000,0.000,0.000,0.000,0.000,0.000,13.000
2273155,DSCN9102.jpg,Unconfirmed,100,0.000,0.000,0.000,0.000,8.000,0.000,0.000,0.000,27.000,0.000,0.000,0.000,0.000,0.000,0.000,0.000,0.000,0.000,65.000
2273154,DSCN9103.jpg,Unconfirmed,100,0.000,0.000,0.000,10.000,8.000,0.000,0.000,0.000,17.000,0.000,0.000,0.000,0.000,0.000,0.000,0.000,0.000,0.000,65.000
2273153,DSCN9104.jpg,Unconfirmed,100,0.000,0.000,0.000,0.000,26.000,0.000,0.000,0.000,25.000,0.000,0.000,0.000,0.000,0.000,0.000,0.000,0.000,0.000,49.000
2273152,DSCN9105.jpg,Confirmed,100,0.000,0.000,0.000,0.000,0.000,0.000,0.000,0.000,0.000,0.000,0.000,0.000,0.000,0.000,100.000,0.000,0.000,0.000,0.000
2273151,DSCN9106.jpg,Unconfirmed,100,0.000,0.000,0.000,8.000,46.000,0.000,0.000,0.000,13.000,0.000,0.000,0.000,0.000,0.000,0.000,0.000,0.000,0.000,33.000
2273150,DSCN9107.jpg,Unconfirmed,100,0.000,0.000,0.000,8.000,41.000,0.000,0.000,0.000,14.000,0.000,0.000,0.000,0.000,0.000,0.000,0.000,0.000,0.000,37.000
2273149,DSCN9108.jpg,Unconfirmed,100,0.000,0.000,0.000,0.000,96.000,0.000,0.000,0.000,4.000,0.000,0.000,0.000,0.000,0.000,0.000,0.000,0.000,0.000,0.000
2273148,DSCN9109.jpg,Unconfirmed,100,0.000,0.000,0.000,35.000,63.000,0.000,0.000,0.000,1.000,0.000,0.000,0.000,0.000,0.000,0.000,0.000,0.000,0.000,1.000
2273147,DSCN9110.jpg,Unconfirmed,100,0.000,0.000,0.000,16.000,37.000,0.000,0.000,0.000,16.000,0.000,0.000,0.000,0.000,0.000,0.000,0.000,0.000,0.000,31.000
2273146,DSCN9111.jpg,Unconfirmed,100,0.000,0.000,0.000,35.000,65.000,0.000,0.000,0.000,0.000,0.000,0.000,0.000,0.000,0.000,0.000,0.000,0.000,0.000,0.000
2273145,DSCN9112.jpg,Unconfirmed,100,0.000,0.000,0.000,48.000,51.000,0.000,0.000,0.000,1.000,0.000,0.000,0.000,0.000,0.000,0.000,0.000,0.000,0.000,0.000
2273144,DSCN9113.jpg,Unconfirmed,100,0.000,0.000,0.000,0.000,100.000,0.000,0.000,0.000,0.000,0.000,0.000,0.000,0.000,0.000,0.000,0.000,0.000,0.000,0.000
2273143,DSCN9114.jpg,Unconfirmed,100,0.000,0.000,0.000,0.000,100.000,0.000,0.000,0.000,0.000,0.000,0.000,0.000,0.000,0.000,0.000,0.000,0.000,0.000,0.000
2273142,DSCN9115.jpg,Unconfirmed,100,0.000,0.000,0.000,0.000,100.000,0.000,0.000,0.000,0.000,0.000,0.000,0.000,0.000,0.000,0.000,0.000,0.000,0.000,0.000
2273141,DSCN9116.jpg,Unconfirmed,100,0.000,0.000,0.000,1.000,96.000,0.000,0.000,0.000,3.000,0.000,0.000,0.000,0.000,0.000,0.000,0.000,0.000,0.000,0.000
2273140,DSCN9117.jpg,Unconfirmed,100,0.000,0.000,0.000,2.000,98.000,0.000,0.000,0.000,0.000,0.000,0.000,0.000,0.000,0.000,0.000,0.000,0.000,0.000,0.000
2273139,DSCN9118.jpg,Unconfirmed,100,0.000,0.000,0.000,15.000,65.000,0.000,0.000,0.000,5.000,0.000,0.000,0.000,0.000,0.000,0.000,0.000,0.000,0.000,15.000
2273138,DSCN9119.jpg,Unconfirmed,100,0.000,0.000,0.000,1.000,93.000,0.000,0.000,0.000,2.000,0.000,0.000,0.000,0.000,0.000,0.000,0.000,0.000,0.000,4.000
2273137,DSCN9120.jpg,Unconfirmed,100,0.000,0.000,0.000,7.000,68.000,0.000,0.000,0.000,10.000,0.000,0.000,0.000,0.000,0.000,0.000,0.000,0.000,0.000,15.000
2273136,DSCN9121.jpg,Unconfirmed,100,0.000,0.000,0.000,10.000,64.000,0.000,0.000,0.000,13.000,0.000,0.000,0.000,0.000,0.000,0.000,0.000,0.000,0.000,13.000
2273135,DSCN9123.jpg,Unconfirmed,100,0.000,0.000,0.000,25.000,68.000,0.000,0.000,0.000,1.000,0.000,0.000,0.000,0.000,0.000,0.000,0.000,0.000,0.000,6.000
2273134,DSCN9124.jpg,Unconfirmed,100,0.000,0.000,0.000,17.000,82.000,0.000,0.000,0.000,1.000,0.000,0.000,0.000,0.000,0.000,0.000,0.000,0.000,0.000,0.000
2273133,DSCN9125.jpg,Unconfirmed,100,0.000,0.000,0.000,28.000,71.000,0.000,0.000,0.000,1.000,0.000,0.000,0.000,0.000,0.000,0.000,0.000,0.000,0.000,0.000
2273132,DSCN9126.jpg,Unconfirmed,100,0.000,0.000,0.000,9.000,89.000,0.000,0.000,0.000,2.000,0.000,0.000,0.000,0.000,0.000,0.000,0.000,0.000,0.000,0.000
2273131,DSCN9127.jpg,Unconfirmed,100,0.000,0.000,0.000,24.000,66.000,0.000,0.000,0.000,6.000,0.000,0.000,0.000,0.000,0.000,0.000,0.000,0.000,0.000,4.000
2273130,DSCN9128.jpg,Unconfirmed,100,0.000,0.000,0.000,41.000,59.000,0.000,0.000,0.000,0.000,0.000,0.000,0.000,0.000,0.000,0.000,0.000,0.000,0.000,0.000
2273129,DSCN9129.jpg,Unconfirmed,100,0.000,0.000,0.000,2.000,21.000,0.000,0.000,0.000,29.000,0.000,0.000,0.000,0.000,0.000,0.000,0.000,0.000,0.000,48.000
2273128,DSCN9130.jpg,Unconfirmed,100,0.000,0.000,0.000,6.000,55.000,0.000,0.000,0.000,29.000,0.000,0.000,0.000,0.000,0.000,0.000,0.000,0.000,0.000,10.000
2273127,DSCN9131.jpg,Unconfirmed,100,0.000,0.000,0.000,9.000,78.000,0.000,0.000,0.000,10.000,0.000,0.000,0.000,0.000,0.000,0.000,0.000,0.000,0.000,3.000
2273126,DSCN9132.jpg,Unconfirmed,100,0.000,0.000,0.000,40.000,59.000,0.000,0.000,0.000,1.000,0.000,0.000,0.000,0.000,0.000,0.000,0.000,0.000,0.000,0.000
2273125,DSCN9133.jpg,Unconfirmed,100,0.000,0.000,0.000,12.000,80.000,0.000,0.000,0.000,2.000,0.000,0.000,0.000,0.000,0.000,0.000,0.000,0.000,0.000,6.000
2273124,DSCN9134.jpg,Unconfirmed,100,0.000,0.000,0.000,19.000,80.000,0.000,0.000,0.000,1.000,0.000,0.000,0.000,0.000,0.000,0.000,0.000,0.000,0.000,0.000
2273123,DSCN9135.jpg,Unconfirmed,100,0.000,0.000,0.000,10.000,86.000,0.000,0.000,0.000,3.000,0.000,0.000,0.000,0.000,0.000,0.000,0.000,0.000,0.000,1.000
2273122,DSCN9136.jpg,Unconfirmed,100,0.000,0.000,0.000,0.000,90.000,0.000,0.000,0.000,1.000,0.000,0.000,0.000,0.000,0.000,0.000,0.000,0.000,0.000,9.000
2273121,DSCN9137.jpg,Unconfirmed,100,0.000,0.000,0.000,3.000,78.000,0.000,0.000,0.000,18.000,0.000,0.000,0.000,0.000,0.000,0.000,0.000,0.000,0.000,1.000
2273120,DSCN9138.jpg,Unconfirmed,100,0.000,0.000,0.000,21.000,45.000,0.000,0.000,0.000,34.000,0.000,0.000,0.000,0.000,0.000,0.000,0.000,0.000,0.000,0.000
2273119,DSCN9139.jpg,Unconfirmed,100,0.000,0.000,0.000,5.000,33.000,0.000,0.000,0.000,62.000,0.000,0.000,0.000,0.000,0.000,0.000,0.000,0.000,0.000,0.000
2273118,DSCN9140.jpg,Unconfirmed,100,0.000,0.000,0.000,4.000,63.000,0.000,0.000,0.000,32.000,0.000,0.000,0.000,0.000,0.000,0.000,0.000,0.000,0.000,1.000
2273117,DSCN9141.jpg,Unconfirmed,100,0.000,0.000,0.000,3.000,85.000,0.000,0.000,0.000,7.000,0.000,0.000,0.000,0.000,0.000,0.000,0.000,0.000,0.000,5.000
2273116,DSCN9142.jpg,Unconfirmed,100,0.000,0.000,0.000,40.000,58.000,0.000,0.000,0.000,1.000,0.000,0.000,0.000,0.000,0.000,0.000,0.000,0.000,0.000,1.000
2273115,DSCN9143.jpg,Unconfirmed,100,0.000,0.000,0.000,68.000,26.000,0.000,0.000,0.000,2.000,0.000,0.000,0.000,0.000,0.000,0.000,0.000,0.000,0.000,4.000
2273114,DSCN9144.jpg,Unconfirmed,100,0.000,0.000,0.000,21.000,35.000,0.000,0.000,0.000,29.000,0.000,0.000,0.000,0.000,0.000,0.000,0.000,0.000,0.000,15.000
2273113,DSCN9145.jpg,Unconfirmed,100,0.000,0.000,0.000,32.000,48.000,0.000,0.000,0.000,17.000,0.000,0.000,0.000,0.000,0.000,0.000,0.000,0.000,0.000,3.000
2273112,DSCN9146.jpg,Unconfirmed,100,0.000,0.000,0.000,12.000,52.000,0.000,0.000,0.000,22.000,0.000,0.000,0.000,0.000,0.000,0.000,0.000,0.000,0.000,14.000
2273111,DSCN9147.jpg,Unconfirmed,100,0.000,0.000,0.000,18.000,18.000,0.000,0.000,0.000,62.000,0.000,0.000,0.000,0.000,0.000,0.000,0.000,0.000,0.000,2.000
2273110,DSCN9148.jpg,Unconfirmed,100,0.000,0.000,0.000,49.000,23.000,0.000,0.000,0.000,28.000,0.000,0.000,0.000,0.000,0.000,0.000,0.000,0.000,0.000,0.000
2273109,DSCN9149.jpg,Unconfirmed,100,0.000,0.000,0.000,20.000,33.000,0.000,0.000,0.000,45.000,0.000,0.000,0.000,0.000,0.000,0.000,0.000,0.000,0.000,2.000
2273108,DSCN9150.jpg,Unconfirmed,100,0.000,0.000,0.000,23.000,28.000,0.000,0.000,0.000,46.000,0.000,0.000,0.000,0.000,0.000,0.000,0.000,0.000,0.000,3.000
2273107,DSCN9151.jpg,Unconfirmed,100,0.000,0.000,0.000,21.000,26.000,0.000,0.000,0.000,38.000,0.000,0.000,0.000,0.000,0.000,0.000,0.000,0.000,0.000,15.000
2273106,DSCN9152.jpg,Unconfirmed,100,0.000,0.000,0.000,12.000,29.000,0.000,0.000,0.000,59.000,0.000,0.000,0.000,0.000,0.000,0.000,0.000,0.000,0.000,0.000
2273105,DSCN9153.jpg,Unconfirmed,100,0.000,0.000,0.000,28.000,19.000,0.000,0.000,0.000,48.000,0.000,0.000,0.000,0.000,0.000,0.000,0.000,0.000,0.000,5.000
2273104,DSCN9154.jpg,Unconfirmed,100,0.000,0.000,0.000,28.000,16.000,0.000,0.000,0.000,55.000,0.000,0.000,0.000,0.000,0.000,0.000,0.000,0.000,0.000,1.000
2273103,DSCN9155.jpg,Unconfirmed,100,0.000,0.000,0.000,52.000,19.000,0.000,0.000,0.000,25.000,0.000,0.000,0.000,0.000,0.000,0.000,0.000,0.000,0.000,4.000
2273102,DSCN9156.jpg,Unconfirmed,100,0.000,0.000,0.000,27.000,38.000,0.000,0.000,0.000,17.000,0.000,0.000,0.000,0.000,0.000,0.000,0.000,0.000,0.000,18.000
2273101,DSCN9157.jpg,Unconfirmed,100,0.000,0.000,0.000,50.000,25.000,0.000,0.000,0.000,23.000,0.000,0.000,0.000,0.000,0.000,0.000,0.000,0.000,0.000,2.000
2273100,DSCN9158.jpg,Unconfirmed,100,0.000,0.000,0.000,35.000,36.000,0.000,0.000,0.000,27.000,0.000,0.000,0.000,0.000,0.000,0.000,0.000,0.000,0.000,2.000
2273099,DSCN9159.jpg,Unconfirmed,100,0.000,0.000,0.000,44.000,13.000,0.000,0.000,0.000,36.000,0.000,0.000,0.000,0.000,0.000,0.000,0.000,0.000,0.000,7.000
2273098,DSCN9160.jpg,Unconfirmed,100,0.000,0.000,0.000,25.000,57.000,0.000,0.000,0.000,18.000,0.000,0.000,0.000,0.000,0.000,0.000,0.000,0.000,0.000,0.000
2273097,DSCN9161.jpg,Unconfirmed,100,0.000,0.000,0.000,5.000,23.000,0.000,0.000,0.000,65.000,0.000,0.000,0.000,0.000,0.000,0.000,0.000,0.000,0.000,7.000
2273096,DSCN9162.jpg,Unconfirmed,100,0.000,0.000,0.000,21.000,50.000,0.000,0.000,0.000,28.000,0.000,0.000,0.000,0.000,0.000,0.000,0.000,0.000,0.000,1.000
2273095,DSCN9163.jpg,Unconfirmed,100,0.000,0.000,0.000,23.000,14.000,0.000,0.000,0.000,62.000,0.000,0.000,0.000,0.000,0.000,0.000,0.000,0.000,0.000,1.000
2273094,DSCN9164.jpg,Unconfirmed,100,0.000,0.000,0.000,41.000,21.000,0.000,0.000,0.000,31.000,0.000,0.000,0.000,0.000,0.000,0.000,0.000,0.000,0.000,7.000
2273093,DSCN9165.jpg,Unconfirmed,100,0.000,0.000,0.000,35.000,14.000,0.000,0.000,0.000,51.000,0.000,0.000,0.000,0.000,0.000,0.000,0.000,0.000,0.000,0.000
2273092,DSCN9166.jpg,Unconfirmed,100,0.000,0.000,0.000,13.000,25.000,0.000,0.000,0.000,62.000,0.000,0.000,0.000,0.000,0.000,0.000,0.000,0.000,0.000,0.000
2273419,DSCN9167.jpg,Unconfirmed,100,0.000,0.000,0.000,9.000,68.000,0.000,0.000,0.000,7.000,0.000,0.000,0.000,0.000,0.000,0.000,0.000,0.000,0.000,16.000
2273418,DSCN9168.jpg,Unconfirmed,100,0.000,0.000,0.000,11.000,62.000,0.000,0.000,0.000,18.000,0.000,0.000,0.000,0.000,0.000,0.000,0.000,0.000,0.000,9.000
2273417,DSCN9169.jpg,Unconfirmed,100,0.000,0.000,0.000,2.000,89.000,0.000,0.000,0.000,9.000,0.000,0.000,0.000,0.000,0.000,0.000,0.000,0.000,0.000,0.000
2273416,DSCN9170.jpg,Unconfirmed,100,0.000,0.000,0.000,11.000,75.000,0.000,0.000,0.000,9.000,0.000,0.000,0.000,0.000,0.000,0.000,0.000,0.000,0.000,5.000
2273415,DSCN9171.jpg,Unconfirmed,100,0.000,0.000,0.000,17.000,52.000,0.000,0.000,0.000,22.000,0.000,0.000,0.000,0.000,0.000,0.000,0.000,0.000,0.000,9.000
2273414,DSCN9172.jpg,Unconfirmed,100,0.000,0.000,0.000,17.000,55.000,0.000,0.000,0.000,19.000,0.000,0.000,0.000,0.000,0.000,0.000,0.000,0.000,0.000,9.000
2273413,DSCN9173.jpg,Unconfirmed,100,0.000,0.000,0.000,12.000,64.000,0.000,0.000,0.000,24.000,0.000,0.000,0.000,0.000,0.000,0.000,0.000,0.000,0.000,0.000
2273412,DSCN9174.jpg,Unconfirmed,100,0.000,0.000,0.000,26.000,43.000,0.000,0.000,0.000,25.000,0.000,0.000,0.000,0.000,0.000,0.000,0.000,0.000,0.000,6.000
2273411,DSCN9175.jpg,Unconfirmed,100,0.000,0.000,0.000,12.000,58.000,0.000,0.000,0.000,23.000,0.000,0.000,0.000,0.000,0.000,0.000,0.000,0.000,0.000,7.000
2273410,DSCN9176.jpg,Unconfirmed,100,0.000,0.000,0.000,17.000,58.000,0.000,0.000,0.000,21.000,0.000,0.000,0.000,0.000,0.000,0.000,0.000,0.000,0.000,4.000
2273409,DSCN9177.jpg,Unconfirmed,100,0.000,0.000,0.000,8.000,64.000,0.000,0.000,0.000,24.000,0.000,0.000,0.000,0.000,0.000,0.000,0.000,0.000,0.000,4.000
2273408,DSCN9178.jpg,Unconfirmed,100,0.000,0.000,0.000,15.000,53.000,0.000,0.000,0.000,23.000,0.000,0.000,0.000,0.000,0.000,0.000,0.000,0.000,0.000,9.000
2273407,DSCN9179.jpg,Unconfirmed,100,0.000,0.000,0.000,14.000,59.000,0.000,0.000,0.000,14.000,0.000,0.000,0.000,0.000,0.000,0.000,0.000,0.000,0.000,13.000
2273406,DSCN9180.jpg,Unconfirmed,100,0.000,0.000,0.000,22.000,51.000,0.000,0.000,0.000,8.000,0.000,0.000,0.000,0.000,0.000,0.000,0.000,0.000,0.000,19.000
2273405,DSCN9181.jpg,Unconfirmed,100,0.000,0.000,0.000,16.000,42.000,0.000,0.000,0.000,32.000,0.000,0.000,0.000,0.000,0.000,0.000,0.000,0.000,0.000,10.000
2273404,DSCN9182.jpg,Unconfirmed,100,0.000,0.000,0.000,14.000,49.000,0.000,0.000,0.000,30.000,0.000,0.000,0.000,0.000,0.000,0.000,0.000,0.000,0.000,7.000
2273403,DSCN9183.jpg,Unconfirmed,100,0.000,0.000,0.000,5.000,77.000,0.000,0.000,0.000,7.000,0.000,0.000,0.000,0.000,0.000,0.000,0.000,0.000,0.000,11.000
2273402,DSCN9184.jpg,Unconfirmed,100,0.000,0.000,0.000,5.000,73.000,0.000,0.000,0.000,15.000,0.000,0.000,0.000,0.000,0.000,0.000,0.000,0.000,0.000,7.000
2273401,DSCN9185.jpg,Unconfirmed,100,0.000,0.000,0.000,26.000,47.000,0.000,0.000,0.000,18.000,0.000,0.000,0.000,0.000,0.000,0.000,0.000,0.000,0.000,9.000
2273400,DSCN9186.jpg,Unconfirmed,100,0.000,0.000,0.000,13.000,69.000,0.000,0.000,0.000,12.000,0.000,0.000,0.000,0.000,0.000,0.000,0.000,0.000,0.000,6.000
2273399,DSCN9187.jpg,Unconfirmed,100,0.000,0.000,0.000,12.000,69.000,0.000,0.000,0.000,16.000,0.000,0.000,0.000,0.000,0.000,0.000,0.000,0.000,0.000,3.000
2273398,DSCN9188.jpg,Unconfirmed,100,0.000,0.000,0.000,19.000,44.000,0.000,0.000,0.000,31.000,0.000,0.000,0.000,0.000,0.000,0.000,0.000,0.000,0.000,6.000
2273397,DSCN9190.jpg,Unconfirmed,100,0.000,0.000,0.000,16.000,46.000,0.000,0.000,0.000,25.000,0.000,0.000,0.000,0.000,0.000,0.000,0.000,0.000,0.000,13.000
2273396,DSCN9191.jpg,Unconfirmed,100,0.000,0.000,0.000,16.000,70.000,0.000,0.000,0.000,11.000,0.000,0.000,0.000,0.000,0.000,0.000,0.000,0.000,0.000,3.000
2273395,DSCN9192.jpg,Unconfirmed,100,0.000,0.000,0.000,9.000,76.000,0.000,0.000,0.000,13.000,0.000,0.000,0.000,0.000,0.000,0.000,0.000,0.000,0.000,2.000
2273394,DSCN9193.jpg,Unconfirmed,100,0.000,0.000,0.000,16.000,48.000,0.000,0.000,0.000,33.000,0.000,0.000,0.000,0.000,0.000,0.000,0.000,0.000,0.000,3.000
2273393,DSCN9194.jpg,Unconfirmed,100,0.000,0.000,0.000,6.000,78.000,0.000,0.000,0.000,10.000,0.000,0.000,0.000,0.000,0.000,0.000,0.000,0.000,0.000,6.000
2273392,DSCN9195.jpg,Unconfirmed,100,0.000,0.000,0.000,23.000,49.000,0.000,0.000,0.000,15.000,0.000,0.000,0.000,0.000,0.000,0.000,0.000,0.000,0.000,13.000
2273391,DSCN9196.jpg,Unconfirmed,100,0.000,0.000,0.000,8.000,71.000,0.000,0.000,0.000,19.000,0.000,0.000,0.000,0.000,0.000,0.000,0.000,0.000,0.000,2.000
2273390,DSCN9197.jpg,Unconfirmed,100,0.000,0.000,0.000,11.000,5.000,0.000,0.000,0.000,45.000,0.000,0.000,0.000,0.000,0.000,0.000,0.000,0.000,0.000,39.000
2273389,DSCN9199.jpg,Unconfirmed,100,0.000,0.000,0.000,1.000,99.000,0.000,0.000,0.000,0.000,0.000,0.000,0.000,0.000,0.000,0.000,0.000,0.000,0.000,0.000
2273388,DSCN9200.jpg,Unconfirmed,100,0.000,0.000,0.000,0.000,100.000,0.000,0.000,0.000,0.000,0.000,0.000,0.000,0.000,0.000,0.000,0.000,0.000,0.000,0.000
2273387,DSCN9201.jpg,Unconfirmed,100,0.000,0.000,0.000,5.000,88.000,0.000,0.000,0.000,7.000,0.000,0.000,0.000,0.000,0.000,0.000,0.000,0.000,0.000,0.000
2273386,DSCN9202.jpg,Unconfirmed,100,0.000,0.000,0.000,1.000,99.000,0.000,0.000,0.000,0.000,0.000,0.000,0.000,0.000,0.000,0.000,0.000,0.000,0.000,0.000
2273385,DSCN9203.jpg,Unconfirmed,100,0.000,0.000,0.000,0.000,100.000,0.000,0.000,0.000,0.000,0.000,0.000,0.000,0.000,0.000,0.000,0.000,0.000,0.000,0.000
2273384,DSCN9204.jpg,Unconfirmed,100,0.000,0.000,0.000,7.000,88.000,0.000,0.000,0.000,5.000,0.000,0.000,0.000,0.000,0.000,0.000,0.000,0.000,0.000,0.000
2273382,DSCN9205.jpg,Unconfirmed,100,0.000,0.000,0.000,12.000,80.000,0.000,0.000,0.000,7.000,0.000,0.000,0.000,0.000,0.000,0.000,0.000,0.000,0.000,1.000
2273383,DSCN9206.jpg,Unconfirmed,100,0.000,0.000,0.000,21.000,79.000,0.000,0.000,0.000,0.000,0.000,0.000,0.000,0.000,0.000,0.000,0.000,0.000,0.000,0.000
2273381,DSCN9207.jpg,Unconfirmed,100,0.000,0.000,0.000,6.000,94.000,0.000,0.000,0.000,0.000,0.000,0.000,0.000,0.000,0.000,0.000,0.000,0.000,0.000,0.000
2273380,DSCN9208.jpg,Unconfirmed,100,0.000,0.000,0.000,24.000,49.000,0.000,0.000,0.000,27.000,0.000,0.000,0.000,0.000,0.000,0.000,0.000,0.000,0.000,0.000
2273378,DSCN9209.jpg,Unconfirmed,100,0.000,0.000,0.000,1.000,95.000,0.000,0.000,0.000,0.000,0.000,0.000,0.000,0.000,0.000,0.000,0.000,0.000,0.000,4.000
2273379,DSCN9210.jpg,Unconfirmed,100,0.000,0.000,0.000,12.000,51.000,0.000,0.000,0.000,11.000,0.000,0.000,0.000,0.000,0.000,0.000,0.000,0.000,0.000,26.000
2273377,DSCN9211.jpg,Unconfirmed,100,0.000,0.000,0.000,21.000,55.000,0.000,0.000,0.000,17.000,0.000,0.000,0.000,0.000,0.000,0.000,0.000,0.000,0.000,7.000
2273376,DSCN9212.jpg,Unconfirmed,100,0.000,0.000,0.000,0.000,65.000,0.000,0.000,0.000,9.000,0.000,0.000,0.000,0.000,0.000,0.000,0.000,0.000,0.000,26.000
2273375,DSCN9213.jpg,Unconfirmed,100,0.000,0.000,0.000,4.000,90.000,0.000,0.000,0.000,2.000,0.000,0.000,0.000,0.000,0.000,0.000,0.000,0.000,0.000,4.000
2273374,DSCN9214.jpg,Unconfirmed,100,0.000,0.000,0.000,7.000,93.000,0.000,0.000,0.000,0.000,0.000,0.000,0.000,0.000,0.000,0.000,0.000,0.000,0.000,0.000
2273373,DSCN9215.jpg,Unconfirmed,100,0.000,0.000,0.000,8.000,92.000,0.000,0.000,0.000,0.000,0.000,0.000,0.000,0.000,0.000,0.000,0.000,0.000,0.000,0.000
2273372,DSCN9216.jpg,Unconfirmed,100,0.000,0.000,0.000,4.000,90.000,0.000,0.000,0.000,5.000,0.000,0.000,0.000,0.000,0.000,0.000,0.000,0.000,0.000,1.000
2273371,DSCN9217.jpg,Unconfirmed,100,0.000,0.000,0.000,6.000,76.000,0.000,0.000,0.000,13.000,0.000,0.000,0.000,0.000,0.000,0.000,0.000,0.000,0.000,5.000
2273370,DSCN9218.jpg,Unconfirmed,100,0.000,0.000,0.000,0.000,65.000,0.000,0.000,0.000,1.000,0.000,0.000,0.000,0.000,0.000,0.000,0.000,0.000,0.000,34.000
2273369,DSCN9219.jpg,Unconfirmed,100,0.000,0.000,0.000,9.000,76.000,0.000,0.000,0.000,12.000,0.000,0.000,0.000,0.000,0.000,0.000,0.000,0.000,0.000,3.000
2273368,DSCN9220.jpg,Unconfirmed,100,0.000,0.000,0.000,2.000,98.000,0.000,0.000,0.000,0.000,0.000,0.000,0.000,0.000,0.000,0.000,0.000,0.000,0.000,0.000
2273367,DSCN9221.jpg,Unconfirmed,100,0.000,0.000,0.000,14.000,85.000,0.000,0.000,0.000,1.000,0.000,0.000,0.000,0.000,0.000,0.000,0.000,0.000,0.000,0.000
2273366,DSCN9222.jpg,Unconfirmed,100,0.000,0.000,0.000,29.000,56.000,0.000,0.000,0.000,4.000,0.000,0.000,0.000,0.000,0.000,0.000,0.000,0.000,0.000,11.000
2273365,DSCN9223.jpg,Unconfirmed,100,0.000,0.000,0.000,1.000,13.000,0.000,0.000,0.000,2.000,0.000,0.000,0.000,0.000,0.000,0.000,0.000,0.000,0.000,84.000
2273364,DSCN9224.jpg,Unconfirmed,100,0.000,0.000,0.000,1.000,86.000,0.000,0.000,0.000,7.000,0.000,0.000,0.000,0.000,0.000,0.000,0.000,0.000,0.000,6.000
2273363,DSCN9225.jpg,Unconfirmed,100,0.000,0.000,0.000,1.000,99.000,0.000,0.000,0.000,0.000,0.000,0.000,0.000,0.000,0.000,0.000,0.000,0.000,0.000,0.000
2273362,DSCN9226.jpg,Unconfirmed,100,0.000,0.000,0.000,0.000,100.000,0.000,0.000,0.000,0.000,0.000,0.000,0.000,0.000,0.000,0.000,0.000,0.000,0.000,0.000
2273361,DSCN9227.jpg,Unconfirmed,100,0.000,0.000,0.000,0.000,100.000,0.000,0.000,0.000,0.000,0.000,0.000,0.000,0.000,0.000,0.000,0.000,0.000,0.000,0.000
2273360,DSCN9228.jpg,Unconfirmed,100,0.000,0.000,0.000,2.000,84.000,0.000,0.000,0.000,14.000,0.000,0.000,0.000,0.000,0.000,0.000,0.000,0.000,0.000,0.000
2273359,DSCN9229.jpg,Unconfirmed,100,0.000,0.000,0.000,6.000,67.000,0.000,0.000,0.000,27.000,0.000,0.000,0.000,0.000,0.000,0.000,0.000,0.000,0.000,0.000
2273358,DSCN9230.jpg,Unconfirmed,100,0.000,0.000,0.000,15.000,66.000,0.000,0.000,0.000,19.000,0.000,0.000,0.000,0.000,0.000,0.000,0.000,0.000,0.000,0.000
2273357,DSCN9232.jpg,Unconfirmed,100,0.000,0.000,0.000,25.000,30.000,0.000,0.000,0.000,43.000,0.000,0.000,0.000,0.000,0.000,0.000,0.000,0.000,0.000,2.000
2273356,DSCN9233.jpg,Unconfirmed,100,0.000,0.000,0.000,32.000,19.000,0.000,0.000,0.000,49.000,0.000,0.000,0.000,0.000,0.000,0.000,0.000,0.000,0.000,0.000
2273355,DSCN9234.jpg,Unconfirmed,100,0.000,0.000,0.000,24.000,54.000,0.000,0.000,0.000,22.000,0.000,0.000,0.000,0.000,0.000,0.000,0.000,0.000,0.000,0.000
2273354,DSCN9235.jpg,Unconfirmed,100,0.000,0.000,0.000,39.000,23.000,0.000,0.000,0.000,37.000,0.000,0.000,0.000,0.000,0.000,0.000,0.000,0.000,0.000,1.000
2273353,DSCN9236.jpg,Unconfirmed,100,0.000,0.000,0.000,58.000,27.000,0.000,0.000,0.000,15.000,0.000,0.000,0.000,0.000,0.000,0.000,0.000,0.000,0.000,0.000
2273352,DSCN9237.jpg,Unconfirmed,100,0.000,0.000,0.000,49.000,43.000,0.000,0.000,0.000,8.000,0.000,0.000,0.000,0.000,0.000,0.000,0.000,0.000,0.000,0.000
2273351,DSCN9238.jpg,Unconfirmed,100,0.000,0.000,0.000,23.000,59.000,0.000,0.000,0.000,6.000,0.000,0.000,0.000,0.000,0.000,0.000,0.000,0.000,0.000,12.000
2273350,DSCN9239.jpg,Unconfirmed,100,0.000,0.000,0.000,50.000,33.000,0.000,0.000,0.000,17.000,0.000,0.000,0.000,0.000,0.000,0.000,0.000,0.000,0.000,0.000
2273349,DSCN9240.jpg,Unconfirmed,100,0.000,0.000,0.000,26.000,47.000,0.000,0.000,0.000,27.000,0.000,0.000,0.000,0.000,0.000,0.000,0.000,0.000,0.000,0.000
2273348,DSCN9241.jpg,Unconfirmed,100,0.000,0.000,0.000,9.000,48.000,0.000,0.000,0.000,16.000,0.000,0.000,0.000,0.000,0.000,0.000,0.000,0.000,0.000,27.000
2273347,DSCN9242.jpg,Unconfirmed,100,0.000,0.000,0.000,26.000,48.000,0.000,0.000,0.000,21.000,0.000,0.000,0.000,0.000,0.000,0.000,0.000,0.000,0.000,5.000
2273346,DSCN9243.jpg,Unconfirmed,100,0.000,0.000,0.000,3.000,37.000,0.000,0.000,0.000,60.000,0.000,0.000,0.000,0.000,0.000,0.000,0.000,0.000,0.000,0.000
2273345,DSCN9244.jpg,Unconfirmed,100,0.000,0.000,0.000,16.000,46.000,0.000,0.000,0.000,38.000,0.000,0.000,0.000,0.000,0.000,0.000,0.000,0.000,0.000,0.000
2273344,DSCN9245.jpg,Unconfirmed,100,0.000,0.000,0.000,33.000,48.000,0.000,0.000,0.000,19.000,0.000,0.000,0.000,0.000,0.000,0.000,0.000,0.000,0.000,0.000
2273343,DSCN9246.jpg,Unconfirmed,100,0.000,0.000,0.000,5.000,43.000,0.000,0.000,0.000,52.000,0.000,0.000,0.000,0.000,0.000,0.000,0.000,0.000,0.000,0.000
2273342,DSCN9247.jpg,Unconfirmed,100,0.000,0.000,0.000,8.000,59.000,0.000,0.000,0.000,30.000,0.000,0.000,0.000,0.000,0.000,0.000,0.000,0.000,0.000,3.000
2273341,DSCN9248.jpg,Unconfirmed,100,0.000,0.000,0.000,25.000,33.000,0.000,0.000,0.000,39.000,0.000,0.000,0.000,0.000,0.000,0.000,0.000,0.000,0.000,3.000
2273340,DSCN9249.jpg,Unconfirmed,100,0.000,0.000,0.000,10.000,19.000,0.000,0.000,0.000,71.000,0.000,0.000,0.000,0.000,0.000,0.000,0.000,0.000,0.000,0.000
2273339,DSCN9250.jpg,Unconfirmed,100,0.000,0.000,0.000,7.000,48.000,0.000,0.000,0.000,44.000,0.000,0.000,0.000,0.000,0.000,0.000,0.000,0.000,0.000,1.000
2273338,DSCN9251.jpg,Unconfirmed,100,0.000,0.000,0.000,8.000,52.000,0.000,0.000,0.000,30.000,0.000,0.000,0.000,0.000,0.000,0.000,0.000,0.000,0.000,10.000
2273337,DSCN9252.jpg,Unconfirmed,100,0.000,0.000,0.000,36.000,50.000,0.000,0.000,0.000,14.000,0.000,0.000,0.000,0.000,0.000,0.000,0.000,0.000,0.000,0.000
2273336,DSCN9253.jpg,Unconfirmed,100,0.000,0.000,0.000,15.000,27.000,0.000,0.000,0.000,58.000,0.000,0.000,0.000,0.000,0.000,0.000,0.000,0.000,0.000,0.000
2273335,DSCN9254.jpg,Unconfirmed,100,0.000,0.000,0.000,9.000,49.000,0.000,0.000,0.000,34.000,0.000,0.000,0.000,0.000,0.000,0.000,0.000,0.000,0.000,8.000
2273334,DSCN9255.jpg,Unconfirmed,100,0.000,0.000,0.000,20.000,38.000,0.000,0.000,0.000,26.000,0.000,0.000,0.000,0.000,0.000,0.000,0.000,0.000,0.000,16.000
2273333,DSCN9256.jpg,Unconfirmed,100,0.000,0.000,0.000,7.000,57.000,0.000,0.000,0.000,35.000,0.000,0.000,0.000,0.000,0.000,0.000,0.000,0.000,0.000,1.000
2273332,DSCN9257.jpg,Unconfirmed,100,0.000,0.000,0.000,39.000,26.000,0.000,0.000,0.000,34.000,0.000,0.000,0.000,0.000,0.000,0.000,0.000,0.000,0.000,1.000
2273331,DSCN9258.jpg,Unconfirmed,100,0.000,0.000,0.000,7.000,31.000,0.000,0.000,0.000,60.000,0.000,0.000,0.000,0.000,0.000,0.000,0.000,0.000,0.000,2.000
2273330,DSCN9259.jpg,Unconfirmed,100,0.000,0.000,0.000,7.000,7.000,0.000,0.000,0.000,85.000,0.000,0.000,0.000,0.000,0.000,0.000,0.000,0.000,0.000,1.000
2273329,DSCN9260.jpg,Unconfirmed,100,0.000,0.000,0.000,6.000,43.000,0.000,0.000,0.000,50.000,0.000,0.000,0.000,0.000,0.000,0.000,0.000,0.000,0.000,1.000
2273328,DSCN9261.jpg,Unconfirmed,100,0.000,0.000,0.000,6.000,49.000,0.000,0.000,0.000,44.000,0.000,0.000,0.000,0.000,0.000,0.000,0.000,0.000,0.000,1.000
2273327,DSCN9262.jpg,Unconfirmed,100,0.000,0.000,0.000,17.000,46.000,0.000,0.000,0.000,34.000,0.000,0.000,0.000,0.000,0.000,0.000,0.000,0.000,0.000,3.000
2273326,DSCN9263.jpg,Unconfirmed,100,0.000,0.000,0.000,52.000,38.000,0.000,0.000,0.000,8.000,0.000,0.000,0.000,0.000,0.000,0.000,0.000,0.000,0.000,2.000
2273325,DSCN9264.jpg,Unconfirmed,100,0.000,0.000,0.000,20.000,23.000,0.000,0.000,0.000,56.000,0.000,0.000,0.000,0.000,0.000,0.000,0.000,0.000,0.000,1.000
2273324,DSCN9265.jpg,Unconfirmed,100,0.000,0.000,0.000,16.000,33.000,0.000,0.000,0.000,51.000,0.000,0.000,0.000,0.000,0.000,0.000,0.000,0.000,0.000,0.000
2273323,DSCN9268.jpg,Confirmed,100,0.000,0.000,0.000,2.000,97.000,0.000,0.000,0.000,1.000,0.000,0.000,0.000,0.000,0.000,0.000,0.000,0.000,0.000,0.000
2273322,DSCN9269.jpg,Confirmed,100,0.000,0.000,0.000,0.000,99.000,0.000,0.000,0.000,1.000,0.000,0.000,0.000,0.000,0.000,0.000,0.000,0.000,0.000,0.000
2273321,DSCN9270.jpg,Confirmed,100,0.000,0.000,0.000,0.000,97.000,0.000,0.000,0.000,3.000,0.000,0.000,0.000,0.000,0.000,0.000,0.000,0.000,0.000,0.000
2273320,DSCN9271.jpg,Confirmed,100,0.000,0.000,0.000,0.000,99.000,0.000,0.000,0.000,0.000,0.000,0.000,0.000,0.000,0.000,0.000,0.000,0.000,0.000,1.000
2273319,DSCN9272.jpg,Confirmed,100,0.000,0.000,0.000,2.000,97.000,0.000,0.000,0.000,1.000,0.000,0.000,0.000,0.000,0.000,0.000,0.000,0.000,0.000,0.000
2273318,DSCN9273.jpg,Confirmed,100,0.000,0.000,0.000,0.000,100.000,0.000,0.000,0.000,0.000,0.000,0.000,0.000,0.000,0.000,0.000,0.000,0.000,0.000,0.000
2273317,DSCN9274.jpg,Confirmed,100,0.000,0.000,0.000,0.000,100.000,0.000,0.000,0.000,0.000,0.000,0.000,0.000,0.000,0.000,0.000,0.000,0.000,0.000,0.000
2273316,DSCN9275.jpg,Confirmed,100,0.000,0.000,0.000,0.000,100.000,0.000,0.000,0.000,0.000,0.000,0.000,0.000,0.000,0.000,0.000,0.000,0.000,0.000,0.000
2273315,DSCN9276.jpg,Confirmed,100,0.000,0.000,0.000,1.000,98.000,0.000,0.000,0.000,1.000,0.000,0.000,0.000,0.000,0.000,0.000,0.000,0.000,0.000,0.000
2273314,DSCN9277.jpg,Confirmed,100,0.000,0.000,0.000,0.000,100.000,0.000,0.000,0.000,0.000,0.000,0.000,0.000,0.000,0.000,0.000,0.000,0.000,0.000,0.000
2273313,DSCN9278.jpg,Confirmed,100,0.000,0.000,0.000,3.000,97.000,0.000,0.000,0.000,0.000,0.000,0.000,0.000,0.000,0.000,0.000,0.000,0.000,0.000,0.000
2273312,DSCN9279.jpg,Confirmed,100,0.000,0.000,0.000,8.000,92.000,0.000,0.000,0.000,0.000,0.000,0.000,0.000,0.000,0.000,0.000,0.000,0.000,0.000,0.000
2273311,DSCN9280.jpg,Confirmed,100,0.000,0.000,0.000,11.000,89.000,0.000,0.000,0.000,0.000,0.000,0.000,0.000,0.000,0.000,0.000,0.000,0.000,0.000,0.000
2273310,DSCN9281.jpg,Confirmed,100,0.000,0.000,0.000,6.000,94.000,0.000,0.000,0.000,0.000,0.000,0.000,0.000,0.000,0.000,0.000,0.000,0.000,0.000,0.000
2273309,DSCN9282.jpg,Confirmed,100,0.000,0.000,0.000,13.000,87.000,0.000,0.000,0.000,0.000,0.000,0.000,0.000,0.000,0.000,0.000,0.000,0.000,0.000,0.000
2273308,DSCN9283.jpg,Confirmed,100,0.000,0.000,0.000,4.000,89.000,0.000,0.000,0.000,0.000,0.000,7.000,0.000,0.000,0.000,0.000,0.000,0.000,0.000,0.000
2273307,DSCN9284.jpg,Confirmed,100,0.000,0.000,0.000,0.000,98.000,0.000,0.000,0.000,1.000,0.000,1.000,0.000,0.000,0.000,0.000,0.000,0.000,0.000,0.000
2273306,DSCN9285.jpg,Confirmed,100,0.000,0.000,0.000,1.000,62.000,0.000,0.000,0.000,0.000,0.000,32.000,1.000,0.000,0.000,0.000,0.000,0.000,0.000,4.000
2273305,DSCN9286.jpg,Confirmed,100,0.000,0.000,0.000,4.000,94.000,0.000,0.000,0.000,0.000,0.000,2.000,0.000,0.000,0.000,0.000,0.000,0.000,0.000,0.000
2273304,DSCN9287.jpg,Confirmed,100,0.000,0.000,0.000,0.000,98.000,0.000,0.000,0.000,2.000,0.000,0.000,0.000,0.000,0.000,0.000,0.000,0.000,0.000,0.000
2273303,DSCN9288.jpg,Confirmed,100,0.000,0.000,0.000,21.000,79.000,0.000,0.000,0.000,0.000,0.000,0.000,0.000,0.000,0.000,0.000,0.000,0.000,0.000,0.000
2273302,DSCN9289.jpg,Confirmed,100,0.000,0.000,0.000,33.000,67.000,0.000,0.000,0.000,0.000,0.000,0.000,0.000,0.000,0.000,0.000,0.000,0.000,0.000,0.000
2273301,DSCN9290.jpg,Confirmed,100,0.000,0.000,0.000,7.000,93.000,0.000,0.000,0.000,0.000,0.000,0.000,0.000,0.000,0.000,0.000,0.000,0.000,0.000,0.000
2273300,DSCN9291.jpg,Confirmed,100,0.000,0.000,0.000,12.000,86.000,0.000,0.000,0.000,0.000,0.000,0.000,0.000,0.000,0.000,0.000,0.000,0.000,0.000,2.000
2273299,DSCN9292.jpg,Confirmed,100,0.000,0.000,0.000,5.000,95.000,0.000,0.000,0.000,0.000,0.000,0.000,0.000,0.000,0.000,0.000,0.000,0.000,0.000,0.000
2273298,DSCN9293.jpg,Confirmed,100,0.000,0.000,0.000,3.000,93.000,0.000,0.000,0.000,0.000,0.000,4.000,0.000,0.000,0.000,0.000,0.000,0.000,0.000,0.000
2273297,DSCN9294.jpg,Confirmed,100,0.000,0.000,0.000,2.000,98.000,0.000,0.000,0.000,0.000,0.000,0.000,0.000,0.000,0.000,0.000,0.000,0.000,0.000,0.000
2273296,DSCN9295.jpg,Confirmed,100,0.000,0.000,0.000,11.000,89.000,0.000,0.000,0.000,0.000,0.000,0.000,0.000,0.000,0.000,0.000,0.000,0.000,0.000,0.000
2273295,DSCN9296.jpg,Confirmed,100,0.000,0.000,0.000,4.000,96.000,0.000,0.000,0.000,0.000,0.000,0.000,0.000,0.000,0.000,0.000,0.000,0.000,0.000,0.000
2273294,DSCN9297.jpg,Confirmed,100,0.000,0.000,0.000,2.000,98.000,0.000,0.000,0.000,0.000,0.000,0.000,0.000,0.000,0.000,0.000,0.000,0.000,0.000,0.000
2273293,DSCN9298.jpg,Confirmed,100,0.000,0.000,0.000,4.000,93.000,0.000,0.000,0.000,0.000,0.000,0.000,0.000,0.000,0.000,1.000,0.000,0.000,0.000,2.000
2273292,DSCN9299.jpg,Confirmed,100,0.000,0.000,0.000,0.000,100.000,0.000,0.000,0.000,0.000,0.000,0.000,0.000,0.000,0.000,0.000,0.000,0.000,0.000,0.000
2273291,DSCN9300.jpg,Confirmed,100,0.000,0.000,0.000,3.000,97.000,0.000,0.000,0.000,0.000,0.000,0.000,0.000,0.000,0.000,0.000,0.000,0.000,0.000,0.000
2273290,DSCN9301.jpg,Confirmed,100,0.000,0.000,0.000,5.000,95.000,0.000,0.000,0.000,0.000,0.000,0.000,0.000,0.000,0.000,0.000,0.000,0.000,0.000,0.000
2273289,DSCN9302.jpg,Confirmed,100,0.000,0.000,0.000,0.000,99.000,0.000,0.000,0.000,1.000,0.000,0.000,0.000,0.000,0.000,0.000,0.000,0.000,0.000,0.000
2273288,DSCN9303.jpg,Confirmed,100,0.000,0.000,0.000,0.000,100.000,0.000,0.000,0.000,0.000,0.000,0.000,0.000,0.000,0.000,0.000,0.000,0.000,0.000,0.000
2273287,DSCN9304.jpg,Confirmed,100,0.000,0.000,0.000,25.000,75.000,0.000,0.000,0.000,0.000,0.000,0.000,0.000,0.000,0.000,0.000,0.000,0.000,0.000,0.000
2273286,DSCN9305.jpg,Confirmed,100,0.000,0.000,0.000,4.000,96.000,0.000,0.000,0.000,0.000,0.000,0.000,0.000,0.000,0.000,0.000,0.000,0.000,0.000,0.000
2273285,DSCN9306.jpg,Confirmed,100,0.000,0.000,0.000,7.000,90.000,0.000,0.000,0.000,3.000,0.000,0.000,0.000,0.000,0.000,0.000,0.000,0.000,0.000,0.000
2273284,DSCN9308.jpg,Unconfirmed,100,0.000,0.000,0.000,45.000,20.000,0.000,0.000,0.000,33.000,0.000,0.000,0.000,0.000,0.000,0.000,0.000,0.000,0.000,2.000
2273283,DSCN9309.jpg,Unconfirmed,100,0.000,0.000,0.000,18.000,26.000,0.000,0.000,0.000,56.000,0.000,0.000,0.000,0.000,0.000,0.000,0.000,0.000,0.000,0.000
2273282,DSCN9310.jpg,Unconfirmed,100,0.000,0.000,0.000,8.000,52.000,0.000,0.000,0.000,38.000,0.000,0.000,0.000,0.000,0.000,0.000,0.000,0.000,0.000,2.000
2273281,DSCN9311.jpg,Unconfirmed,100,0.000,0.000,0.000,31.000,41.000,0.000,0.000,0.000,27.000,0.000,0.000,0.000,0.000,0.000,0.000,0.000,0.000,0.000,1.000
2273280,DSCN9312.jpg,Unconfirmed,100,0.000,0.000,0.000,1.000,14.000,0.000,0.000,0.000,83.000,0.000,0.000,0.000,0.000,0.000,0.000,0.000,0.000,0.000,2.000
2273279,DSCN9313.jpg,Unconfirmed,100,0.000,0.000,0.000,50.000,21.000,0.000,0.000,0.000,29.000,0.000,0.000,0.000,0.000,0.000,0.000,0.000,0.000,0.000,0.000
2273278,DSCN9314.jpg,Unconfirmed,100,0.000,0.000,0.000,53.000,37.000,0.000,0.000,0.000,9.000,0.000,0.000,0.000,0.000,0.000,0.000,0.000,0.000,0.000,1.000
2273277,DSCN9315.jpg,Unconfirmed,100,0.000,0.000,0.000,23.000,39.000,0.000,0.000,0.000,36.000,0.000,0.000,0.000,0.000,0.000,0.000,0.000,0.000,0.000,2.000
2273276,DSCN9316.jpg,Unconfirmed,100,0.000,0.000,0.000,8.000,13.000,0.000,0.000,0.000,77.000,0.000,0.000,0.000,0.000,0.000,0.000,0.000,0.000,0.000,2.000
2273275,DSCN9317.jpg,Unconfirmed,100,0.000,0.000,0.000,45.000,14.000,0.000,0.000,0.000,41.000,0.000,0.000,0.000,0.000,0.000,0.000,0.000,0.000,0.000,0.000
2273274,DSCN9318.jpg,Unconfirmed,100,0.000,0.000,0.000,24.000,14.000,0.000,0.000,0.000,62.000,0.000,0.000,0.000,0.000,0.000,0.000,0.000,0.000,0.000,0.000
2273273,DSCN9319.jpg,Unconfirmed,100,0.000,0.000,0.000,62.000,6.000,0.000,0.000,0.000,32.000,0.000,0.000,0.000,0.000,0.000,0.000,0.000,0.000,0.000,0.000
2273272,DSCN9320.jpg,Unconfirmed,100,0.000,0.000,0.000,42.000,22.000,0.000,0.000,0.000,36.000,0.000,0.000,0.000,0.000,0.000,0.000,0.000,0.000,0.000,0.000
2273271,DSCN9321.jpg,Unconfirmed,100,0.000,0.000,0.000,49.000,14.000,0.000,0.000,0.000,28.000,0.000,0.000,0.000,0.000,0.000,0.000,0.000,0.000,0.000,9.000
2273270,DSCN9322.jpg,Unconfirmed,100,0.000,0.000,0.000,6.000,0.000,0.000,0.000,0.000,73.000,0.000,0.000,0.000,0.000,0.000,0.000,0.000,0.000,0.000,21.000
2273269,DSCN9323.jpg,Unconfirmed,100,0.000,0.000,0.000,23.000,9.000,0.000,0.000,0.000,68.000,0.000,0.000,0.000,0.000,0.000,0.000,0.000,0.000,0.000,0.000
2273268,DSCN9324.jpg,Unconfirmed,100,0.000,0.000,0.000,57.000,25.000,0.000,0.000,0.000,17.000,0.000,0.000,0.000,0.000,0.000,0.000,0.000,0.000,0.000,1.000
2273267,DSCN9325.jpg,Unconfirmed,100,0.000,0.000,0.000,62.000,34.000,0.000,0.000,0.000,4.000,0.000,0.000,0.000,0.000,0.000,0.000,0.000,0.000,0.000,0.000
2273266,DSCN9326.jpg,Unconfirmed,100,0.000,0.000,0.000,41.000,12.000,0.000,0.000,0.000,40.000,0.000,0.000,0.000,0.000,0.000,0.000,0.000,0.000,0.000,7.000
2273265,DSCN9327.jpg,Unconfirmed,100,0.000,0.000,0.000,38.000,6.000,0.000,0.000,0.000,38.000,0.000,0.000,0.000,0.000,0.000,0.000,0.000,0.000,0.000,18.000
2273264,DSCN9328.jpg,Unconfirmed,100,0.000,0.000,0.000,40.000,31.000,0.000,0.000,0.000,18.000,0.000,0.000,0.000,0.000,0.000,0.000,0.000,0.000,0.000,11.000
2273263,DSCN9329.jpg,Unconfirmed,100,0.000,0.000,0.000,20.000,63.000,0.000,0.000,0.000,9.000,0.000,0.000,0.000,0.000,0.000,0.000,0.000,0.000,0.000,8.000
2273262,DSCN9330.jpg,Unconfirmed,100,0.000,0.000,0.000,10.000,8.000,0.000,0.000,0.000,36.000,0.000,0.000,0.000,0.000,0.000,0.000,0.000,0.000,0.000,46.000
2273261,DSCN9331.jpg,Unconfirmed,100,0.000,0.000,0.000,32.000,27.000,0.000,0.000,0.000,37.000,0.000,0.000,0.000,0.000,0.000,0.000,0.000,0.000,0.000,4.000
2273260,DSCN9335.jpg,Unconfirmed,100,0.000,0.000,0.000,32.000,16.000,0.000,0.000,0.000,45.000,0.000,0.000,0.000,0.000,0.000,0.000,0.000,0.000,0.000,7.000
2273259,DSCN9338.jpg,Unconfirmed,100,0.000,0.000,0.000,45.000,14.000,0.000,0.000,0.000,36.000,0.000,0.000,0.000,0.000,0.000,0.000,0.000,0.000,0.000,5.000
2273258,DSCN9339.jpg,Unconfirmed,100,0.000,0.000,0.000,4.000,16.000,0.000,0.000,0.000,59.000,0.000,0.000,0.000,0.000,0.000,0.000,0.000,0.000,0.000,21.000
2273257,DSCN9340.jpg,Unconfirmed,100,0.000,0.000,0.000,45.000,21.000,0.000,0.000,0.000,31.000,0.000,0.000,0.000,0.000,0.000,0.000,0.000,0.000,0.000,3.000
2273256,DSCN9341.jpg,Unconfirmed,100,0.000,0.000,0.000,17.000,20.000,0.000,0.000,0.000,45.000,0.000,0.000,0.000,0.000,0.000,0.000,0.000,0.000,0.000,18.000
2273255,DSCN9342.jpg,Unconfirmed,100,0.000,0.000,0.000,5.000,10.000,0.000,0.000,0.000,44.000,0.000,0.000,0.000,0.000,0.000,0.000,0.000,0.000,0.000,41.000
2273254,DSCN9343.jpg,Unconfirmed,100,0.000,0.000,0.000,22.000,26.000,0.000,0.000,0.000,28.000,0.000,0.000,0.000,0.000,0.000,0.000,0.000,0.000,0.000,24.000
2273253,DSCN9344.jpg,Unconfirmed,100,0.000,0.000,0.000,2.000,21.000,0.000,0.000,0.000,27.000,0.000,0.000,0.000,0.000,0.000,0.000,0.000,0.000,0.000,50.000
2273252,DSCN9345.jpg,Unconfirmed,100,0.000,0.000,0.000,29.000,42.000,0.000,0.000,0.000,11.000,0.000,0.000,0.000,0.000,0.000,0.000,0.000,0.000,0.000,18.000
2273251,DSCN9346.jpg,Unconfirmed,100,0.000,0.000,0.000,35.000,21.000,0.000,0.000,0.000,30.000,0.000,0.000,0.000,0.000,0.000,0.000,0.000,0.000,0.000,14.000
2273250,DSCN9347.jpg,Unconfirmed,100,0.000,0.000,0.000,18.000,8.000,0.000,0.000,0.000,36.000,0.000,0.000,0.000,0.000,0.000,0.000,0.000,0.000,0.000,38.000
2273249,DSCN9348.jpg,Unconfirmed,100,0.000,0.000,0.000,37.000,25.000,0.000,0.000,0.000,29.000,0.000,0.000,0.000,0.000,0.000,0.000,0.000,0.000,0.000,9.000
2273248,DSCN9349.jpg,Unconfirmed,100,0.000,0.000,0.000,27.000,44.000,0.000,0.000,0.000,22.000,0.000,0.000,0.000,0.000,0.000,0.000,0.000,0.000,0.000,7.000
2273247,DSCN9350.jpg,Unconfirmed,100,0.000,0.000,0.000,32.000,34.000,0.000,0.000,0.000,23.000,0.000,0.000,0.000,0.000,0.000,0.000,0.000,0.000,0.000,11.000
2273246,DSCN9351.jpg,Unconfirmed,100,0.000,0.000,0.000,32.000,27.000,0.000,0.000,0.000,32.000,0.000,0.000,0.000,0.000,0.000,0.000,0.000,0.000,0.000,9.000
2273245,DSCN9352.jpg,Unconfirmed,100,0.000,0.000,0.000,20.000,14.000,0.000,0.000,0.000,37.000,0.000,0.000,0.000,0.000,0.000,0.000,0.000,0.000,0.000,29.000
2273244,DSCN9353.jpg,Unconfirmed,100,0.000,0.000,0.000,32.000,20.000,0.000,0.000,0.000,37.000,0.000,0.000,0.000,0.000,0.000,0.000,0.000,0.000,0.000,11.000
2273243,DSCN9354.jpg,Unconfirmed,100,0.000,0.000,0.000,6.000,80.000,0.000,0.000,0.000,13.000,0.000,0.000,0.000,0.000,0.000,0.000,0.000,0.000,0.000,1.000
2273242,DSCN9355.jpg,Unconfirmed,100,0.000,0.000,0.000,32.000,54.000,0.000,0.000,0.000,14.000,0.000,0.000,0.000,0.000,0.000,0.000,0.000,0.000,0.000,0.000
2273241,DSCN9356.jpg,Unconfirmed,100,0.000,0.000,0.000,30.000,44.000,0.000,0.000,0.000,21.000,0.000,0.000,0.000,0.000,0.000,0.000,0.000,0.000,0.000,5.000
2273240,DSCN9357.jpg,Unconfirmed,100,0.000,0.000,0.000,15.000,76.000,0.000,0.000,0.000,8.000,0.000,0.000,0.000,0.000,0.000,0.000,0.000,0.000,0.000,1.000
2273239,DSCN9358.jpg,Unconfirmed,100,0.000,0.000,0.000,9.000,68.000,0.000,0.000,0.000,19.000,0.000,0.000,0.000,0.000,0.000,0.000,0.000,0.000,0.000,4.000
2273238,DSCN9359.jpg,Unconfirmed,100,0.000,0.000,0.000,4.000,89.000,0.000,0.000,0.000,7.000,0.000,0.000,0.000,0.000,0.000,0.000,0.000,0.000,0.000,0.000
2273237,DSCN9360.jpg,Unconfirmed,100,0.000,0.000,0.000,19.000,52.000,0.000,0.000,0.000,24.000,0.000,0.000,0.000,0.000,0.000,0.000,0.000,0.000,0.000,5.000
2273236,DSCN9361.jpg,Unconfirmed,100,0.000,0.000,0.000,6.000,88.000,0.000,0.000,0.000,5.000,0.000,0.000,0.000,0.000,0.000,0.000,0.000,0.000,0.000,1.000
2273235,DSCN9362.jpg,Unconfirmed,100,0.000,0.000,0.000,16.000,60.000,0.000,0.000,0.000,17.000,0.000,0.000,0.000,0.000,0.000,0.000,0.000,0.000,0.000,7.000
2273234,DSCN9363.jpg,Unconfirmed,100,0.000,0.000,0.000,21.000,64.000,0.000,0.000,0.000,15.000,0.000,0.000,0.000,0.000,0.000,0.000,0.000,0.000,0.000,0.000
2273233,DSCN9366.jpg,Unconfirmed,100,0.000,0.000,0.000,8.000,83.000,0.000,0.000,0.000,9.000,0.000,0.000,0.000,0.000,0.000,0.000,0.000,0.000,0.000,0.000
2273232,DSCN9367.jpg,Unconfirmed,100,0.000,0.000,0.000,14.000,73.000,0.000,0.000,0.000,13.000,0.000,0.000,0.000,0.000,0.000,0.000,0.000,0.000,0.000,0.000
2273231,DSCN9368.jpg,Unconfirmed,100,0.000,0.000,0.000,0.000,98.000,0.000,0.000,0.000,2.000,0.000,0.000,0.000,0.000,0.000,0.000,0.000,0.000,0.000,0.000
2273230,DSCN9369.jpg,Unconfirmed,100,0.000,0.000,0.000,21.000,49.000,0.000,0.000,0.000,23.000,0.000,0.000,0.000,0.000,0.000,0.000,0.000,0.000,0.000,7.000
2273229,DSCN9370.jpg,Unconfirmed,100,0.000,0.000,0.000,11.000,60.000,0.000,0.000,0.000,21.000,0.000,0.000,0.000,0.000,0.000,0.000,0.000,0.000,0.000,8.000
2273228,DSCN9371.jpg,Unconfirmed,100,0.000,0.000,0.000,17.000,55.000,0.000,0.000,0.000,22.000,0.000,0.000,0.000,0.000,0.000,0.000,0.000,0.000,0.000,6.000
2273227,DSCN9372.jpg,Unconfirmed,100,0.000,0.000,0.000,7.000,70.000,0.000,0.000,0.000,18.000,0.000,0.000,0.000,0.000,0.000,0.000,0.000,0.000,0.000,5.000
2273226,DSCN9373.jpg,Unconfirmed,100,0.000,0.000,0.000,16.000,78.000,0.000,0.000,0.000,6.000,0.000,0.000,0.000,0.000,0.000,0.000,0.000,0.000,0.000,0.000
2273225,DSCN9374.jpg,Unconfirmed,100,0.000,0.000,0.000,24.000,48.000,0.000,0.000,0.000,15.000,0.000,0.000,0.000,0.000,0.000,0.000,0.000,0.000,0.000,13.000
2273224,DSCN9375.jpg,Unconfirmed,100,0.000,0.000,0.000,22.000,15.000,0.000,0.000,0.000,58.000,0.000,0.000,0.000,0.000,0.000,0.000,0.000,0.000,0.000,5.000
2273223,DSCN9376.jpg,Unconfirmed,100,0.000,0.000,0.000,27.000,57.000,0.000,0.000,0.000,11.000,0.000,0.000,0.000,0.000,0.000,0.000,0.000,0.000,0.000,5.000
2273222,DSCN9377.jpg,Unconfirmed,100,0.000,0.000,0.000,14.000,49.000,0.000,0.000,0.000,25.000,0.000,0.000,0.000,0.000,0.000,0.000,0.000,0.000,0.000,12.000
2273221,DSCN9378.jpg,Unconfirmed,100,0.000,0.000,0.000,64.000,10.000,0.000,0.000,0.000,26.000,0.000,0.000,0.000,0.000,0.000,0.000,0.000,0.000,0.000,0.000
2273220,DSCN9379.jpg,Unconfirmed,100,0.000,0.000,0.000,56.000,24.000,0.000,0.000,0.000,20.000,0.000,0.000,0.000,0.000,0.000,0.000,0.000,0.000,0.000,0.000
2273219,DSCN9380.jpg,Unconfirmed,100,0.000,0.000,0.000,69.000,13.000,0.000,0.000,0.000,18.000,0.000,0.000,0.000,0.000,0.000,0.000,0.000,0.000,0.000,0.000
2273218,DSCN9381.jpg,Unconfirmed,100,0.000,0.000,0.000,46.000,4.000,0.000,0.000,0.000,50.000,0.000,0.000,0.000,0.000,0.000,0.000,0.000,0.000,0.000,0.000
2273217,DSCN9382.jpg,Unconfirmed,100,0.000,0.000,0.000,61.000,3.000,0.000,0.000,0.000,29.000,0.000,0.000,0.000,0.000,0.000,0.000,0.000,0.000,0.000,7.000
2273216,DSCN9383.jpg,Unconfirmed,100,0.000,0.000,0.000,32.000,5.000,0.000,0.000,0.000,46.000,0.000,0.000,0.000,0.000,0.000,0.000,0.000,0.000,0.000,17.000
2273215,DSCN9384.jpg,Unconfirmed,100,0.000,0.000,0.000,39.000,42.000,0.000,0.000,0.000,13.000,0.000,0.000,0.000,0.000,0.000,0.000,0.000,0.000,0.000,6.000
2273214,DSCN9385.jpg,Unconfirmed,100,0.000,0.000,0.000,14.000,9.000,0.000,0.000,0.000,75.000,0.000,0.000,0.000,0.000,0.000,0.000,0.000,0.000,0.000,2.000
2273213,DSCN9387.jpg,Unconfirmed,100,0.000,0.000,0.000,5.000,3.000,0.000,0.000,0.000,71.000,0.000,0.000,0.000,0.000,0.000,0.000,0.000,0.000,0.000,21.000
2273212,DSCN9388.jpg,Unconfirmed,100,0.000,0.000,0.000,35.000,1.000,0.000,0.000,0.000,63.000,0.000,0.000,0.000,0.000,0.000,0.000,0.000,0.000,0.000,1.000
2273211,DSCN9389.jpg,Unconfirmed,100,0.000,0.000,0.000,14.000,11.000,0.000,0.000,0.000,73.000,0.000,0.000,0.000,0.000,0.000,0.000,0.000,0.000,0.000,2.000
2273210,DSCN9390.jpg,Unconfirmed,100,0.000,0.000,0.000,17.000,12.000,0.000,0.000,0.000,71.000,0.000,0.000,0.000,0.000,0.000,0.000,0.000,0.000,0.000,0.000
ALL IMAGES,,,,0.000,0.000,0.000,14.131,50.176,0.000,0.000,0.000,24.919,0.000,0.110,0.002,0.000,0.000,0.240,0.000,0.000,0.000,10.421
