yDay,SST.mean,SST.median,SST.sd,SST.q5,SST.q10,SST.q25,SST.q75,SST.q90,SST.q95,SST.min,SST.max
1,16.09,15.780999999999999,0.9694791270459503,15.263550000000002,15.3261,15.394,16.49825,16.9524,17.6607,15.201,18.369
2,16.1942,16.0385,0.9463181048440085,15.217299999999998,15.4126,15.648,16.48275,16.894000000000002,17.6725,15.022,18.451
3,16.4491,16.392,0.7260429203719451,15.61365,15.6933,15.839,16.884749999999997,17.366500000000002,17.53525,15.533999999999999,17.704
4,16.5053,16.508,0.7785378103998694,15.381,15.426,16.00775,17.10875,17.3295,17.48925,15.336,17.649
5,16.4426,16.4205,0.767992795105093,15.418249999999999,15.4565,15.8725,17.08675,17.2729,17.44345,15.379999999999999,17.614
6,16.4087,16.5445,0.6108296816625726,15.51105,15.5871,15.99175,16.66075,17.1427,17.22235,15.435,17.302
7,16.4106,16.5015,0.5271156735796552,15.6604,15.6658,15.9885,16.7905,16.9987,17.03785,15.655,17.076999999999998
8,16.4417,16.4685,0.6119685994123124,15.66205,15.801099999999998,15.972499999999998,16.95675,17.1008,17.2259,15.523,17.351
9,16.5075,16.4055,0.8845835492227714,15.4544,15.7928,15.906749999999999,17.038999999999998,17.366699999999998,17.779349999999997,15.116,18.192
10,16.4618,16.445500000000003,0.8210725776554577,15.3348,15.5256,15.93175,17.0815,17.4196,17.5303,15.144,17.641
11,16.4237,16.5325,0.7945708904811452,15.2407,15.4504,16.0205,16.9035,17.2534,17.4262,15.031,17.599
12,16.5595,16.516,0.8216261991387028,15.425899999999999,15.6518,16.06325,17.255499999999998,17.4134,17.595200000000002,15.2,17.777
13,16.6907,16.739,0.916549331884421,15.52675,15.812499999999998,16.037,17.046,17.8288,18.0484,15.241,18.268
14,16.758399999999998,16.5345,1.1018634922509936,15.502449999999998,15.682899999999998,15.907,17.60025,17.8115,18.28175,15.322,18.752
15,16.711,16.4905,1.0700616804651968,15.6436,15.674199999999999,15.76925,17.41375,18.0941,18.32855,15.613,18.563
16,16.893900000000002,16.4995,1.268623265153564,15.71575,15.7225,15.75675,17.61275,18.8405,18.878750000000004,15.709,18.917
17,17.220399999999998,17.0405,1.1897749740555523,15.893849999999999,16.043699999999998,16.213,17.96275,18.978299999999997,19.01115,15.744,19.044
18,17.1119,16.976,1.1180813377289585,15.87195,16.0029,16.1295,17.97175,18.165499999999998,18.653749999999995,15.741,19.142
19,16.8051,16.942,0.7446461426595709,15.8232,15.8754,16.10475,17.197,17.7778,17.790399999999998,15.770999999999999,17.803
20,16.7075,16.716,0.6445925931246117,15.8167,15.9454,16.1865,17.307000000000002,17.4427,17.45935,15.688,17.476
21,16.8006,16.6515,0.6327088500162533,16.0515,16.236,16.453,17.09175,17.634800000000002,17.8049,15.866999999999999,17.975
22,17.1116,16.8755,0.8535438802753823,16.2357,16.4454,16.72125,17.420749999999998,17.7173,18.44315,16.026,19.169
23,17.2486,16.9335,0.8138570991137061,16.5909,16.6458,16.758,17.3425,18.177899999999998,18.68595,16.536,19.194
24,17.0898,17.009,0.48969759375897753,16.542800000000003,16.5896,16.7765,17.193,17.8418,17.921899999999997,16.496000000000002,18.002
25,17.063200000000002,17.022000000000002,0.5031409786972675,16.515700000000002,16.6264,16.7445,17.20975,17.3811,17.81805,16.405,18.255
26,17.144199999999998,17.1115,0.3941741859747909,16.662499999999998,16.747999999999998,16.9095,17.289749999999998,17.7194,17.775199999999998,16.576999999999998,17.831
27,17.2861,17.2085,0.4870303321605799,16.70935,16.7197,16.958999999999996,17.584,18.025100000000002,18.034550000000003,16.698999999999998,18.044
28,17.3765,17.3765,0.417104902872167,16.83895,16.9429,17.0905,17.733999999999998,17.8545,17.93325,16.735,18.012
29,17.3545,17.411,0.3533198896813542,16.909100000000002,16.9622,17.088,17.430750000000003,17.6236,17.8513,16.856,18.079
30,17.215,17.3845,0.46009177828390385,16.566699999999997,16.6234,16.866500000000002,17.49225,17.601200000000002,17.7821,16.509999999999998,17.963
31,17.209400000000002,17.366500000000002,0.7297744248129769,16.1798,16.1996,16.647750000000002,17.82275,17.9573,17.95865,16.16,17.96
32,17.1383,17.076,0.789777190802008,16.1751,16.192199999999996,16.3925,17.91325,18.099800000000002,18.1034,16.158,18.107
33,17.240199999999998,17.220999999999997,0.8234030739693788,16.1972,16.258399999999998,16.47325,17.947000000000003,18.203899999999997,18.28895,16.136,18.374
34,17.3538,17.3215,0.72358226131442,16.36085,16.5107,16.999,17.8375,18.145400000000002,18.3767,16.211,18.608
35,17.4585,17.458,0.7471091322929712,16.4801,16.7492,16.949,17.876,18.3003,18.52665,16.211,18.753
36,17.3748,17.4225,0.7929347458089546,16.17505,16.242099999999997,17.06725,17.8175,18.3765,18.42375,16.108,18.471
37,17.3974,17.320999999999998,0.683106173624894,16.5124,16.553800000000003,17.13575,17.633750000000003,18.041,18.445999999999998,16.471,18.851
38,17.2281,17.009,0.6484200370473172,16.538449999999997,16.5569,16.923750000000002,17.6065,17.8599,18.24645,16.52,18.633
39,17.0961,16.9435,0.7005677776711634,16.319899999999997,16.392799999999998,16.618249999999996,17.5395,17.9589,18.18795,16.247,18.417
40,17.1087,17.0715,0.5923092379267211,16.3238,16.3256,16.71625,17.514000000000003,17.8467,17.90385,16.322,17.961
41,17.1468,17.085,0.5045320824508807,16.48635,16.4967,16.84225,17.426,17.8416,17.8893,16.476,17.937
42,17.3152,17.3945,0.6024423992751887,16.50385,16.5547,16.81825,17.81725,17.954000000000004,18.066500000000005,16.453,18.179000000000002
43,17.2912,17.259,0.6136844647065963,16.50615,16.6533,16.7885,17.74025,18.0794,18.135199999999998,16.359,18.191
44,17.3836,17.412,0.6314799548151412,16.36085,16.6097,17.226,17.79175,17.970599999999997,18.1308,16.112000000000002,18.291
45,17.3988,17.4185,0.5261340767016204,16.5604,16.8268,17.2815,17.8045,17.9465,17.99375,16.294,18.041
46,17.430699999999998,17.6025,0.4937064017319521,16.602199999999996,16.816399999999998,17.240000000000002,17.784,17.863200000000003,17.913600000000002,16.387999999999998,17.964
47,17.406100000000002,17.5545,0.5854586900693997,16.4514,16.5288,17.243750000000002,17.642249999999997,18.0698,18.145400000000002,16.374000000000002,18.221
48,17.3618,17.4085,0.8315277505892389,16.058,16.192999999999998,16.99275,17.946,18.275,18.383,15.923,18.491
49,17.4635,17.499000000000002,0.8226815571315823,16.245199999999997,16.2794,17.39275,17.69525,17.9761,18.570549999999997,16.211,19.165
50,17.5048,17.555500000000002,0.8740775200810917,16.475649999999998,16.6903,16.8465,17.75775,18.4741,18.870549999999998,16.261,19.267
51,17.3406,17.188,0.9399652712260769,16.218999999999998,16.461999999999996,16.714499999999997,17.759500000000003,18.7894,18.791200000000003,15.975999999999999,18.793
52,17.325,17.2515,0.9516406884954004,16.07755,16.3921,16.72375,17.9425,18.624100000000002,18.65605,15.763,18.688
53,17.2816,17.0985,0.9795942697532144,16.18645,16.4479,16.67825,17.53725,18.8304,18.917699999999996,15.924999999999999,19.005
54,17.3707,17.125,0.8684071049916623,16.48015,16.6363,16.8195,17.594,18.8348,18.8519,16.323999999999998,18.869
55,17.3604,17.221,0.8522399505616555,16.419449999999998,16.590899999999998,16.756500000000003,17.6435,18.650699999999997,18.770849999999996,16.247999999999998,18.891
56,17.2962,17.060000000000002,0.8526166000416987,16.32975,16.5435,16.7495,17.77675,18.564,18.6405,16.116,18.717
57,17.2681,17.1,0.9125597027653102,16.220100000000002,16.4262,16.5905,17.7545,18.5839,18.70495,16.014,18.826
58,17.3215,17.255,0.8693029455322867,16.3337,16.3814,16.62575,17.790750000000003,18.2289,18.646949999999997,16.286,19.064999999999998
59,17.3227,17.049500000000002,0.8856388842713117,16.41105,16.4241,16.548499999999997,18.035000000000004,18.2537,18.59885,16.398,18.944
60,17.2791,17.061999999999998,0.7771253938572444,16.4581,16.493199999999998,16.74625,17.80625,18.1515,18.48225,16.423000000000002,18.813
61,17.1775,17.0395,0.6800307591082423,16.45655,16.4741,16.65,17.51025,17.8508,18.2414,16.439,18.631999999999998
62,17.2378,17.275,0.603222604940424,16.416900000000002,16.489800000000002,16.881749999999997,17.532,17.9333,18.123649999999998,16.344,18.314
63,17.1515,17.2215,0.5483920434628256,16.426949999999998,16.5399,16.7035,17.57125,17.8104,17.8257,16.314,17.841
64,17.1581,17.2035,0.5213594302931096,16.51365,16.548299999999998,16.682750000000002,17.58275,17.7053,17.77865,16.479,17.852
65,17.3435,17.493000000000002,0.5251886962479925,16.63465,16.651300000000003,16.904249999999998,17.723999999999997,17.900100000000002,17.98605,16.618000000000002,18.072
66,17.4561,17.391,0.5749178588671986,16.627100000000002,16.7072,17.249499999999998,17.81425,18.1864,18.269199999999998,16.547,18.352
67,17.284200000000002,17.309,0.791157913721682,16.2352,16.3684,16.596500000000002,17.9065,18.2554,18.3022,16.102,18.349
68,17.2756,17.191499999999998,0.7714075446869834,16.177799999999998,16.3596,16.86575,17.9355,18.205999999999996,18.250999999999998,15.996,18.296
69,17.2787,17.301499999999997,0.7804047454152663,16.177,16.447,16.71425,17.903,18.2019,18.22845,15.907,18.255
70,17.2732,17.255499999999998,0.6694938054646626,16.419150000000002,16.5123,16.76025,17.666000000000004,18.2209,18.23395,16.326,18.247
71,17.2204,17.2875,0.5030573636386924,16.53255,16.712100000000003,16.856249999999996,17.53125,17.656000000000002,17.8675,16.353,18.079
72,17.186799999999998,17.128999999999998,0.39059919781450325,16.689100000000003,16.7602,16.869749999999996,17.4775,17.7057,17.71335,16.618000000000002,17.721
73,17.1133,17.171,0.47423670835939685,16.32945,16.5279,16.988750000000003,17.442749999999997,17.5842,17.6256,16.131,17.667
74,17.0583,17.0445,0.4104553162850577,16.4603,16.6736,16.83475,17.4235,17.4887,17.52335,16.247,17.558
75,17.106099999999998,17.2025,0.3466466180100103,16.6197,16.7394,16.842750000000002,17.36875,17.494600000000002,17.515300000000003,16.5,17.536
76,16.9797,17.167,0.4624620224647879,16.319449999999996,16.418899999999997,16.552750000000003,17.3125,17.3833,17.47015,16.22,17.557
77,17.0363,17.208,0.4842735797046952,16.31655,16.460099999999997,16.691000000000003,17.4375,17.5164,17.5497,16.173000000000002,17.583
78,16.964299999999998,17.061999999999998,0.6574349228461914,15.97165,16.3393,16.596,17.465249999999997,17.5387,17.66785,15.604,17.797
79,17.0095,17.1605,0.6312538228707123,16.0961,16.221200000000003,16.540499999999998,17.291249999999998,17.6405,17.82275,15.971,18.005
80,16.9059,17.0515,0.6590613611628114,15.9698,16.0976,16.3945,17.28725,17.537699999999997,17.73885,15.842,17.939999999999998
81,16.7504,16.685499999999998,0.6113504541404846,15.928,16.081000000000003,16.3715,17.137249999999998,17.4302,17.6201,15.775,17.81
82,16.7037,16.531,0.6227680235136599,15.974499999999999,16.069,16.488,16.86475,17.546999999999997,17.753999999999998,15.879999999999999,17.961
83,16.677,16.512999999999998,0.5994944166174995,16.04085,16.0737,16.369500000000002,16.8095,17.5285,17.71525,16.008,17.902
84,16.7616,16.6165,0.6332879281969619,16.094450000000002,16.193900000000003,16.3225,16.978,17.651200000000003,17.8186,15.995,17.986
85,16.784,16.7395,0.6109007920912998,16.02335,16.0427,16.406750000000002,17.115250000000003,17.6188,17.7259,16.003999999999998,17.833
86,16.6824,16.525,0.5165772395725977,16.102899999999998,16.1308,16.35925,16.96975,17.316200000000002,17.4926,16.075,17.669
87,16.7757,16.747,0.4430269743480633,16.34925,16.369500000000002,16.41675,16.802,17.4653,17.547649999999997,16.329,17.63
88,16.801299999999998,16.5505,0.505283209915214,16.342599999999997,16.382199999999997,16.41475,17.11775,17.5202,17.6111,16.302999999999997,17.701999999999998
89,16.8081,16.677500000000002,0.4864722100090721,16.29005,16.339100000000002,16.4045,17.201999999999998,17.2931,17.47805,16.241,17.663
90,16.7013,16.603499999999997,0.3990976071088372,16.3031,16.365199999999998,16.43125,16.866,17.1531,17.360549999999996,16.241,17.567999999999998
91,16.6386,16.5915,0.3038308008671201,16.22635,16.4527,16.532,16.84525,17.0195,17.03075,16,17.042
92,16.6413,16.611,0.301537928331118,16.21035,16.4457,16.5165,16.86675,16.9015,16.98025,15.975,17.059
93,16.5419,16.6465,0.47244622268924263,15.784049999999999,15.986099999999999,16.354999999999997,16.77925,16.9366,17.096799999999998,15.581999999999999,17.256999999999998
94,16.5169,16.528,0.5268513283861225,15.75505,15.957100000000002,16.1295,16.9715,17.0322,17.0916,15.552999999999999,17.151
95,16.4829,16.429499999999997,0.5574235273908777,15.767050000000001,15.8521,16.025,16.982999999999997,17.1435,17.18625,15.682,17.229
96,16.4665,16.4055,0.4981698170972089,15.795549999999999,15.8401,16.144000000000002,16.839750000000002,17.0018,17.1224,15.751,17.243
97,16.4666,16.4645,0.5067342498785726,15.7507,15.8164,16.167,16.81575,17.0854,17.145699999999998,15.685,17.206
98,16.3994,16.4,0.5264622388062494,15.6785,15.727999999999998,16.082500000000003,16.734499999999997,16.8504,17.1132,15.629,17.375999999999998
99,16.3655,16.283,0.5102784098465815,15.78795,15.810899999999998,16.0015,16.67475,16.845499999999998,17.12225,15.765,17.399
100,16.274,16.2875,0.4171447923416734,15.717799999999999,15.7286,15.971499999999999,16.631999999999998,16.7057,16.794349999999998,15.706999999999999,16.883
101,16.1959,16.259,0.4342849678878298,15.4635,15.648,16.11475,16.428,16.682800000000004,16.6864,15.279,16.689999999999998
102,16.16,16.27,0.4076896968147334,15.455649999999999,15.5893,16.06025,16.4375,16.5166,16.5688,15.322,16.621000000000002
103,16.0691,16.008499999999998,0.7345811278091297,15.14765,15.5333,15.64825,16.43375,16.980299999999996,17.161649999999998,14.762,17.343
104,16.0691,15.9035,0.5880529926989757,15.55385,15.559700000000001,15.603,16.397,16.8157,17.03485,15.548,17.253999999999998
105,16.0584,15.953999999999999,0.5110447251573103,15.5365,15.613,15.64725,16.320749999999997,16.821199999999997,16.880599999999998,15.459999999999999,16.939999999999998
106,16.0416,16.003,0.47063106569796265,15.5142,15.602400000000001,15.6415,16.33075,16.6883,16.743650000000002,15.426,16.799
107,16.125799999999998,16.0625,0.537126262830466,15.558349999999999,15.5777,15.64075,16.5875,16.7237,16.879849999999998,15.539,17.036
108,16.0414,15.923499999999999,0.584618812180685,15.36005,15.4901,15.5785,16.56725,16.6937,16.82285,15.23,16.951999999999998
109,15.8628,15.6945,0.6034406534384489,15.067599999999999,15.2332,15.57575,16.2575,16.7244,16.7397,14.902,16.755
110,15.739,15.652999999999999,0.5551858547669722,15.0333,15.3006,15.3865,16.09975,16.505300000000002,16.52015,14.766,16.535
111,15.533999999999999,15.36,0.49576853918380476,14.980450000000001,15.0259,15.178249999999998,15.935249999999998,16.101499999999998,16.238749999999996,14.935,16.375999999999998
112,15.5548,15.4915,0.5584159739835524,14.956700000000001,14.9864,15.1145,15.87775,16.1166,16.3893,14.927,16.662
113,15.587399999999999,15.5725,0.4641075545843031,15.069299999999998,15.102599999999999,15.2785,15.734,15.986099999999999,16.31055,15.036,16.634999999999998
114,15.5413,15.4325,0.4931019840425169,15.076899999999998,15.1138,15.181000000000001,15.72075,15.9767,16.33535,15.04,16.694
115,15.4394,15.276,0.47288199138662274,15.03685,15.0697,15.14525,15.59,15.764999999999999,16.188,15.004,16.611
116,15.306,15.2125,0.31201032746440366,14.946399999999999,15.0148,15.06875,15.5245,15.7242,15.7701,14.878,15.815999999999999
117,15.2331,15.1145,0.41134344936237066,14.7336,14.827199999999998,15.039250000000001,15.42925,15.7602,15.8871,14.64,16.014
118,15.2042,15.0345,0.4542632129797294,14.674199999999999,14.834399999999999,14.93125,15.48625,15.719100000000001,15.88155,14.514,16.044
119,15.29,15.2455,0.3394521730344019,14.921149999999997,15.023299999999999,15.0855,15.422249999999998,15.5271,15.797549999999998,14.818999999999999,16.067999999999998
120,15.2341,15.1755,0.37572373124707187,14.82165,14.8833,14.959,15.409250000000002,15.6116,15.816799999999997,14.76,16.022
121,15.2599,15.192,0.47599333562094714,14.646099999999999,14.816199999999998,14.969749999999998,15.602250000000002,15.809899999999999,15.917449999999999,14.475999999999999,16.025
122,15.277099999999999,15.129,0.4011977761099329,14.8568,14.8676,15.01125,15.534249999999998,15.775299999999998,15.91165,14.846,16.048000000000002
123,15.1824,15.0975,0.31431131064599,14.87655,14.9571,14.995,15.332,15.483999999999998,15.686499999999999,14.796,15.889
124,15.1106,15.065,0.3045843068839889,14.844349999999999,14.8547,14.9265,15.145249999999999,15.2744,15.586699999999999,14.834,15.899
125,15.1162,15.1035,0.38211946939260844,14.71295,14.7989,14.926749999999998,15.184499999999998,15.3073,15.686649999999997,14.627,16.066
126,15.087,15.122499999999999,0.456116456864058,14.48715,14.526299999999999,14.86525,15.20075,15.381399999999998,15.7342,14.448,16.087
127,14.9946,14.875499999999999,0.49706498569100654,14.4843,14.634599999999999,14.773499999999999,15.08275,15.504,15.828,14.334,16.152
128,14.8445,14.761,0.6278829066350228,13.992899999999999,14.146799999999999,14.686,15.055250000000001,15.507799999999998,15.808399999999999,13.839,16.109
129,14.7137,14.686,0.4603141560089396,14.0718,14.1996,14.59725,14.74525,15.3669,15.44295,13.943999999999999,15.519
130,14.748899999999999,14.652000000000001,0.353768113003105,14.4693,14.4756,14.547250000000002,14.68475,15.1977,15.39435,14.463,15.591
131,14.5811,14.696,0.46486687461155085,13.863799999999998,14.081599999999998,14.412500000000001,14.759,14.9425,15.16075,13.645999999999999,15.379
132,14.6084,14.542,0.35802551119531495,14.1495,14.154,14.445249999999998,14.814,15.0605,15.152749999999997,14.145,15.245
133,14.6153,14.632,0.37372629616397673,14.144,14.234,14.39125,14.706499999999998,14.9286,15.174299999999999,14.054,15.42
134,14.5971,14.5915,0.3417970320396465,14.219650000000001,14.3173,14.36675,14.691,14.9114,15.133700000000001,14.122,15.356
135,14.6388,14.579,0.3437123474328172,14.2304,14.262799999999999,14.4055,14.8745,14.982,15.143999999999998,14.198,15.306
136,14.544,14.6735,0.3811873263603839,13.96145,14.1509,14.286999999999999,14.836,14.9124,14.914200000000001,13.772,14.916
137,14.4587,14.5115,0.3004910980378619,13.9939,14.1928,14.33175,14.6145,14.722100000000001,14.799049999999998,13.795,14.876
138,14.304,14.3075,0.313069747287512,13.820149999999998,13.931299999999998,14.1985,14.52825,14.6279,14.690449999999998,13.709,14.753
139,14.3169,14.3185,0.3157141639732581,13.92935,14.0027,14.062000000000001,14.50075,14.6248,14.7499,13.856,14.875
140,14.1542,14.2075,0.45347296869089493,13.604,13.631,13.8315,14.347249999999999,14.505999999999998,14.807500000000001,13.577,15.109
141,14.0748,14.1525,0.3639642229059823,13.5627,13.5744,13.76925,14.3565,14.3914,14.4877,13.551,14.584
142,14.041599999999999,14.0695,0.40662956114871923,13.52545,13.651900000000001,13.73875,14.242,14.396499999999998,14.61475,13.399,14.833
143,14.039299999999999,13.9905,0.35125490902065853,13.59795,13.6029,13.801749999999998,14.27575,14.482299999999999,14.555649999999998,13.593,14.629
144,14.0692,14.0205,0.26182131311258827,13.722750000000001,13.7925,13.942,14.210749999999999,14.4029,14.46095,13.653,14.519
145,14.024799999999999,13.997,0.2607829237763341,13.71535,13.716700000000001,13.89025,14.06075,14.3871,14.46405,13.714,14.541
146,13.9333,13.9095,0.301175493322046,13.57855,13.6501,13.75025,14.006,14.37,14.4285,13.507,14.487
147,13.9495,13.998,0.34297465082876194,13.4429,13.5608,13.74875,14.14825,14.3281,14.387049999999999,13.325,14.446
148,13.9211,13.975,0.3511949284624961,13.495750000000001,13.5385,13.57925,14.1415,14.381699999999999,14.39835,13.453,14.415
149,13.8102,13.732499999999998,0.4391377409828899,13.2539,13.3268,13.489249999999998,14.2045,14.3574,14.3682,13.181,14.379
150,13.7127,13.835,0.5512402279305177,12.96295,13.138899999999998,13.266,14.17075,14.324499999999999,14.349250000000001,12.786999999999999,14.374
151,13.6421,13.724499999999999,0.4737088768431514,13.0322,13.1654,13.229499999999998,13.953999999999999,14.1464,14.2517,12.899,14.357
152,13.673636363636364,13.876999999999999,0.49157019289767173,12.970500000000001,13.237,13.3545,14.014499999999998,14.144,14.253499999999999,12.704,14.363
153,13.637272727272727,13.705,0.4971949498756181,12.837499999999999,13.155,13.4815,13.987,14.121,14.193999999999999,12.52,14.267
154,13.659818181818181,13.612,0.39098537522056204,13.082,13.356,13.4965,13.8965,14.16,14.161999999999999,12.808,14.164
155,13.514545454545454,13.526,0.2990890715610866,13.017,13.149,13.415,13.736999999999998,13.798,13.852,12.885,13.906
156,13.498181818181818,13.531,0.3703600459503746,12.932500000000001,12.965,13.327,13.646999999999998,13.831,13.9875,12.9,14.144
157,13.33009090909091,13.315,0.2779105807793055,12.937999999999999,12.959,13.148499999999999,13.5785,13.626999999999999,13.689,12.917,13.751
158,13.23090909090909,13.138,0.2614404155999814,12.9795,13.026,13.0865,13.245999999999999,13.714,13.724,12.933,13.734
159,13.200363636363637,13.133,0.3445859175089062,12.811,12.876999999999999,13.001000000000001,13.2905,13.714,13.804,12.745,13.894
160,13.202545454545454,13.158999999999999,0.296237189980044,12.819500000000001,12.922,13.033,13.327,13.623,13.678,12.717,13.733
161,13.139727272727272,13.017999999999999,0.31767785283494077,12.764,12.86,12.916,13.416,13.543,13.5915,12.668,13.64
162,13.055272727272726,12.972999999999999,0.31449422599122223,12.7735,12.801,12.875499999999999,13.111999999999998,13.28,13.578499999999998,12.746,13.876999999999999
163,13.042818181818182,13.038,0.3658070032631466,12.556,12.581999999999999,12.834499999999998,13.247,13.308,13.559999999999999,12.53,13.812
164,13.031090909090908,13.096,0.44394514403143415,12.402000000000001,12.571,12.7425,13.2965,13.477,13.628499999999999,12.233,13.78
165,12.969272727272728,12.887,0.4964659285205965,12.3245,12.392,12.6385,13.297,13.366,13.6465,12.257,13.927
166,12.939181818181819,12.674,0.5696036899778331,12.405000000000001,12.416,12.657499999999999,13.1345,13.264,13.838,12.394,14.411999999999999
167,12.697636363636363,12.692,0.5447225482256581,12.043,12.301,12.428999999999998,12.863499999999998,13.095,13.524000000000001,11.785,13.953
168,12.662090909090908,12.652,0.47393236955191315,12.001999999999999,12.237,12.392999999999999,13.0275,13.172,13.2705,11.767,13.369
169,12.62,12.418,0.4647898449837303,12.088999999999999,12.174,12.306,12.919,13.077,13.309999999999999,12.004,13.543
170,12.621636363636362,12.497,0.44109664989144304,12.212499999999999,12.238,12.272,12.8585,13.254999999999999,13.365499999999999,12.187,13.475999999999999
171,12.59,12.615,0.4295923649228417,11.901,12.093,12.4505,12.7975,13.119,13.174,11.709,13.229
172,12.568454545454545,12.57,0.4649944867708357,11.803999999999998,12.068,12.4315,12.873999999999999,13.059,13.114,11.54,13.169
173,12.523818181818182,12.613,0.5060918529638306,11.716999999999999,11.876,12.2655,12.8415,13.116,13.1405,11.558,13.165
174,12.519727272727273,12.622,0.5354499212641817,11.660499999999999,11.75,12.2925,12.7865,13.004999999999999,13.212,11.571,13.419
175,12.357636363636363,12.661,0.5509570351174896,11.6495,11.718,11.7715,12.6845,13.012,13.041,11.581,13.07
176,12.189,12.349,0.549748306045594,11.356,11.363,11.757,12.6465,12.781,12.815999999999999,11.349,12.850999999999999
177,12.197727272727272,12.217,0.5171265011405028,11.443,11.603,11.863,12.5795,12.676,12.807,11.283,12.938
178,12.227636363636364,12.295,0.5321475871837199,11.392,11.443999999999999,11.8995,12.591999999999999,12.733,12.880500000000001,11.34,13.028
179,12.152,12.313,0.3781875196248551,11.5775,11.737,11.8655,12.4025,12.465,12.557500000000001,11.418,12.65
180,12.100272727272728,12.203,0.3360506184815292,11.636,11.661,11.834,12.3735,12.462,12.503499999999999,11.610999999999999,12.545
181,11.990181818181817,12.007,0.5213313376695895,11.221499999999999,11.866999999999999,11.895499999999998,12.2345,12.445,12.5,10.576,12.555
182,11.996090909090908,12.008,0.4306568133782288,11.3695,11.772,11.834499999999998,12.2945,12.453,12.489999999999998,10.967,12.527
183,12.103454545454545,12.225,0.2921066119198138,11.682500000000001,11.724,11.885,12.2745,12.465,12.4885,11.641,12.512
184,11.985272727272728,12.036,0.38092547588973097,11.311,11.328,11.898,12.2265,12.376,12.4195,11.294,12.463
185,12.001545454545454,11.993,0.4322763846513857,11.308,11.415,11.878499999999999,12.2205,12.538,12.6055,11.201,12.673
186,11.922818181818181,12.027,0.5248616614274316,11.09,11.113999999999999,11.593499999999999,12.3015,12.432,12.535499999999999,11.065999999999999,12.639
187,11.888363636363636,11.788,0.5639496915022248,11.068,11.097999999999999,11.5475,12.331,12.619,12.643,11.038,12.667
188,11.847545454545454,11.785,0.4909548581359314,11.1965,11.374,11.524000000000001,12.218499999999999,12.37,12.5245,11.019,12.679
189,11.799727272727273,11.76,0.5208412600608926,11.1025,11.126999999999999,11.451,12.095500000000001,12.434,12.5765,11.078,12.719
190,11.809727272727272,11.786999999999999,0.5038460262637964,11.1205,11.347,11.4835,12.0795,12.327,12.5135,10.894,12.7
191,11.642727272727273,11.685,0.43255545099075793,11.0165,11.087,11.347000000000001,11.989999999999998,12.055,12.1565,10.946,12.258
192,11.541454545454545,11.633,0.6462558879633307,10.657499999999999,10.884,11.061,12.097999999999999,12.269,12.317,10.431,12.365
193,11.559181818181818,11.347999999999999,0.6303111641374946,10.779499999999999,11.020999999999999,11.132,12.027000000000001,12.197,12.425999999999998,10.538,12.655
194,11.492090909090908,11.447,0.5381818381449626,10.789,10.988,11.0545,11.904,12.052,12.1565,10.59,12.261
195,11.395454545454545,11.488999999999999,0.5547279267598422,10.637,10.904,11.084499999999998,11.6295,11.991,12.1995,10.37,12.408
196,11.332181818181818,11.318999999999999,0.4482543514974101,10.741499999999998,11.052999999999999,11.079999999999998,11.527000000000001,11.975999999999999,12.0025,10.43,12.029
197,11.415181818181818,11.423,0.4376148576503815,10.7425,11.171,11.338999999999999,11.623,11.654,11.870000000000001,10.314,12.086
198,11.465363636363636,11.511,0.6138189102214551,10.614999999999998,10.937,11.294,11.618,11.693999999999999,12.2685,10.293,12.843
199,11.563363636363636,11.517,0.5374447455743284,11.0365,11.084999999999999,11.204,11.7255,11.761,12.3615,10.988,12.962
200,11.340181818181817,11.312999999999999,0.6845954744492283,10.3845,11.062,11.169999999999998,11.6115,11.748,12.1625,9.706999999999999,12.577
201,11.257181818181818,11.195,0.31998338025023043,10.8355,11.026,11.0625,11.547999999999998,11.622,11.661999999999999,10.645,11.702
202,11.216272727272727,11.07,0.37088437306230376,10.753499999999999,10.83,11.018999999999998,11.509,11.57,11.751999999999999,10.677,11.934
203,11.136818181818182,11.169,0.3886615026425483,10.663,10.703999999999999,10.771,11.323999999999998,11.725,11.727,10.622,11.729
204,11.117454545454546,11.116,0.33226355913231426,10.672999999999998,10.78,10.916,11.3295,11.496,11.59,10.565999999999999,11.684
205,11.103363636363635,11.057,0.4152681718425511,10.5405,10.625,10.846,11.396999999999998,11.529,11.6765,10.456,11.824
206,11.083,11.011,0.5572895118338406,10.39,10.407,10.6985,11.393,11.715,11.9115,10.373,12.108
207,11.032272727272728,11.151,0.5957175657824924,10.1665,10.294,10.581,11.3975,11.714,11.7725,10.039,11.831
208,10.953363636363637,11.06,0.49349412817728106,10.2625,10.299,10.514,11.2925,11.562999999999999,11.570999999999998,10.225999999999999,11.578999999999999
209,10.969,10.817,0.4678773343516439,10.369499999999999,10.545,10.655000000000001,11.291,11.597,11.6205,10.193999999999999,11.644
210,10.912181818181818,10.866999999999999,0.38881199008822176,10.381,10.397,10.625,11.242,11.37,11.413499999999999,10.365,11.456999999999999
211,10.876363636363637,10.869,0.34472025549052776,10.433499999999999,10.456,10.622499999999999,11.1205,11.333,11.3535,10.411,11.374
212,10.825636363636363,10.724,0.3479299563783702,10.436499999999999,10.452,10.622,10.942499999999999,11.322,11.43,10.421,11.538
213,10.940454545454546,10.965,0.4153553571669358,10.435,10.605,10.646,11.274000000000001,11.49,11.4945,10.265,11.499
214,11.008727272727272,10.852,0.44437553733505425,10.4775,10.497,10.724,11.264,11.613999999999999,11.716999999999999,10.458,11.82
215,10.847636363636363,10.616,0.4702132011603402,10.3905,10.475999999999999,10.584499999999998,11.017,11.466,11.6645,10.305,11.863
216,10.768454545454546,10.744,0.32834231029106314,10.322,10.408999999999999,10.556000000000001,11.0165,11.206,11.236,10.235,11.266
217,10.644454545454545,10.699,0.43660470992337314,9.9435,10.193999999999999,10.463,10.900500000000001,11.065999999999999,11.1535,9.693,11.241
218,10.668363636363637,10.852,0.5364854653627201,9.7415,10.176,10.5595,10.917,11.09,11.176,9.307,11.262
219,10.68981818181818,10.823,0.4725758813527874,9.904499999999999,10.08,10.5125,10.95,11.07,11.2415,9.729,11.413
220,10.679545454545455,10.757,0.5152281754012221,9.839,9.967,10.4465,10.9985,11.119,11.305,9.711,11.491
221,10.685636363636362,10.838,0.5072422050120182,9.8355,9.849,10.4785,10.989999999999998,11.126999999999999,11.293499999999998,9.822,11.459999999999999
222,10.584272727272728,10.661,0.442492506356682,9.956499999999998,10.149,10.250499999999999,10.84,11.003,11.154499999999999,9.764,11.306
223,10.549818181818182,10.76,0.48088893066524596,9.872499999999999,10.025,10.187,10.924,10.969,11.1,9.719999999999999,11.231
224,10.523272727272728,10.719,0.3875443435038346,9.912500000000001,10.092,10.225999999999999,10.7675,10.858,10.889,9.733,10.92
225,10.54581818181818,10.538,0.25954992513264885,10.228,10.276,10.3455,10.686499999999999,10.921,10.956,10.18,10.991
226,10.589454545454545,10.541,0.28608717679629203,10.2195,10.241,10.379,10.774000000000001,10.964,11.005500000000001,10.198,11.047
227,10.571,10.443,0.4220585267471801,10.011,10.136,10.3185,10.812,11.142999999999999,11.2025,9.886,11.262
228,10.397272727272727,10.433,0.46863697910196783,9.716,9.799999999999999,10.055,10.671,10.975999999999999,11.0365,9.632,11.097
229,10.372272727272726,10.449,0.4440173624778854,9.674,9.685,10.106,10.611999999999998,10.926,10.966999999999999,9.663,11.008
230,10.426,10.387,0.5089231769137657,9.674499999999998,9.809,10.1485,10.728,11.087,11.1435,9.54,11.2
231,10.547727272727272,10.581999999999999,0.3289714549650443,10.0665,10.280999999999999,10.422,10.729,10.798,10.9695,9.852,11.141
232,10.556454545454544,10.504,0.3327967438651898,10.014,10.046999999999999,10.4345,10.799,10.924999999999999,10.954999999999998,9.981,10.985
233,10.580272727272726,10.531,0.39998577247424494,10.023499999999999,10.126,10.405,10.780000000000001,11.185,11.203,9.921,11.221
234,10.531727272727272,10.548,0.411861163721245,9.8225,9.923,10.429,10.9095,10.947,10.9555,9.722,10.964
235,10.531363636363636,10.54,0.45669492502704084,9.799,9.988999999999999,10.3485,10.924499999999998,11.017,11.0365,9.609,11.056
236,10.529727272727273,10.602,0.46429949190346764,9.776499999999999,9.969,10.315999999999999,10.951,10.956,11.015,9.584,11.074
237,10.460454545454546,10.45,0.5303676769254256,9.680499999999999,9.908999999999999,10.1225,10.9005,11.032,11.064,9.452,11.096
238,10.292727272727273,10.62,0.6237935701671012,9.1845,9.259,10.006499999999999,10.671,10.746,10.875,9.11,11.004
239,10.297636363636363,10.453999999999999,0.5363958002682858,9.41,9.427999999999999,10.024999999999999,10.696,10.786,10.818,9.392,10.85
240,10.340636363636364,10.272,0.48515487686454756,9.759,9.935,9.962,10.808499999999999,10.975999999999999,10.9865,9.583,10.997
241,10.440545454545454,10.270999999999999,0.4443260882812,9.865,9.884,10.164,10.7715,10.798,11.0395,9.846,11.281
242,10.422181818181818,10.322,0.3769922593852076,9.9405,9.943,10.244499999999999,10.54,10.876999999999999,11.047999999999998,9.937999999999999,11.219
243,10.346727272727273,10.395999999999999,0.3886808693283195,9.7055,9.924,10.1975,10.612,10.731,10.741,9.487,10.751
244,10.352545454545455,10.514,0.39939588471499404,9.6,9.671,10.307500000000001,10.5775,10.64,10.6615,9.529,10.683
245,10.192272727272726,10.257,0.35640569325112903,9.7305,9.744,9.838000000000001,10.490499999999999,10.626999999999999,10.633,9.717,10.639
246,10.19209090909091,10.155,0.3872863164495888,9.7225,9.725999999999999,9.8195,10.5145,10.577,10.681999999999999,9.719,10.786999999999999
247,10.23990909090909,10.23,0.4470443947854518,9.604,9.801,10.043,10.433,10.807,10.8995,9.407,10.991999999999999
248,10.170181818181817,10.078999999999999,0.5012298511026289,9.5515,9.686,9.8275,10.5625,10.87,10.911,9.417,10.952
249,10.273363636363635,10.219999999999999,0.4227922120208159,9.642499999999998,9.822,10.060500000000001,10.6615,10.722999999999999,10.776,9.463,10.828999999999999
250,10.308636363636364,10.386,0.41383046594644846,9.6615,9.767,10.0635,10.5235,10.728,10.8265,9.556,10.924999999999999
251,10.339,10.475999999999999,0.4058258247080882,9.711500000000001,9.898,10.0765,10.594999999999999,10.616,10.7635,9.525,10.911
252,10.31409090909091,10.392,0.2452286502615282,9.939499999999999,9.983,10.134,10.524000000000001,10.538,10.557500000000001,9.895999999999999,10.577
253,10.351090909090908,10.385,0.316064377792074,9.888,10.035,10.131499999999999,10.560500000000001,10.711,10.7455,9.741,10.78
254,10.287181818181818,10.257,0.3916600102593622,9.806,9.908999999999999,9.975999999999999,10.5885,10.754,10.8355,9.703,10.917
255,10.322909090909091,10.451,0.3712049176790241,9.780999999999999,9.788,10.046,10.5015,10.625,10.777000000000001,9.774,10.929
256,10.310545454545455,10.424,0.38690085645714556,9.6815,9.875,10.131,10.552499999999998,10.68,10.704,9.488,10.728
257,10.350727272727273,10.468,0.5533693325273982,9.475,9.927,10.132,10.6505,10.825,10.936,9.023,11.047
258,10.302545454545454,10.531,1.0746329944345054,8.6095,9.951,10.3315,10.761,10.956999999999999,11.1695,7.268000000000001,11.382
259,10.214545454545455,10.397,0.9177335521420542,8.825,9.964,10.138,10.565,10.636,11.0135,7.686,11.391
260,10.335272727272727,10.507,0.6990729705701818,9.293,10.028,10.114999999999998,10.705,10.936,11.088000000000001,8.558,11.24
261,10.522818181818181,10.703999999999999,0.3801041484072013,9.992999999999999,10.016,10.193999999999999,10.8585,10.874,10.933,9.969999999999999,10.991999999999999
262,10.550818181818181,10.529,0.32560246257724107,10.167,10.195,10.268999999999998,10.829,10.956,10.957999999999998,10.139,10.959999999999999
263,10.586636363636364,10.623,0.2915164738834748,10.221499999999999,10.261,10.3525,10.8935,10.903,10.923,10.182,10.943
264,10.507,10.496,0.2473293350979619,10.157,10.222999999999999,10.349,10.6705,10.802999999999999,10.84,10.091,10.876999999999999
265,10.395090909090909,10.513,0.4749405130214636,9.626,9.83,10.186,10.675,10.828,10.9475,9.421999999999999,11.067
266,10.394454545454545,10.459999999999999,0.5232308025405927,9.588999999999999,9.767,10.0715,10.825,10.985999999999999,10.989999999999998,9.411,10.994
267,10.524272727272727,10.495,0.4325827298700426,9.8805,10.089,10.305,10.854,11.056,11.064,9.671999999999999,11.072
268,10.640545454545453,10.666,0.35140926670660344,10.186,10.254999999999999,10.347,10.899,11.116999999999999,11.1245,10.116999999999999,11.132
269,10.712272727272726,10.738999999999999,0.36681441926649816,10.286999999999999,10.328999999999999,10.402000000000001,10.9915,11.083,11.219999999999999,10.245,11.357
270,10.733545454545453,10.69,0.3753359464896383,10.198,10.408999999999999,10.485,11.038,11.126999999999999,11.179499999999999,9.987,11.232
271,10.778636363636364,10.868,0.35342107258262684,10.2325,10.299,10.5545,11.054499999999999,11.081999999999999,11.1695,10.166,11.257
272,10.859636363636364,10.844999999999999,0.235916202380113,10.527000000000001,10.65,10.709,11.0135,11.084999999999999,11.1615,10.404,11.238
273,10.882363636363635,10.878,0.207839973406115,10.584,10.737,10.771,11.017499999999998,11.106,11.141,10.431,11.176
274,10.921636363636363,10.885,0.2415128455081728,10.6125,10.729,10.7695,11.0665,11.14,11.2605,10.496,11.381
275,10.850818181818182,10.774,0.24926043335508294,10.5755,10.592,10.675999999999998,10.983,11.09,11.243500000000001,10.559,11.397
276,10.733454545454546,10.722,0.25316767709814914,10.3995,10.459999999999999,10.5715,10.901,11.004,11.1,10.339,11.196
277,10.66081818181818,10.619,0.21853961571386488,10.4145,10.523,10.6135,10.681999999999999,10.733,10.9785,10.306,11.224
278,10.68390909090909,10.602,0.3681017398887037,10.3015,10.448,10.48,10.7035,11.231,11.3515,10.155,11.472
279,10.812,10.881,0.5034030194585649,10.111,10.32,10.5835,10.954,11.134,11.52,9.902,11.906
280,10.937,10.834999999999999,0.4295965549210096,10.4705,10.559,10.808,10.985,11.203,11.6305,10.382,12.058
281,10.82709090909091,10.917,0.2768875058739399,10.343,10.527,10.753499999999999,11.012,11.062,11.0755,10.158999999999999,11.089
282,10.849636363636364,11.011,0.3913326648076475,10.224499999999999,10.228,10.584,11.1025,11.190999999999999,11.228,10.221,11.265
283,10.921272727272727,11.142999999999999,0.46792031178590493,10.1085,10.436,10.785,11.231,11.278,11.299,9.780999999999999,11.32
284,10.937545454545454,11.068999999999999,0.4568941592177259,10.1305,10.392999999999999,10.85,11.2345,11.315,11.381499999999999,9.868,11.448
285,11.060454545454546,11.045,0.45761410896876037,10.325,10.464,10.8475,11.399000000000001,11.584,11.599,10.186,11.613999999999999
286,11.157454545454545,11.215,0.3069616795746218,10.642499999999998,10.671,11.029,11.360499999999998,11.48,11.5245,10.613999999999999,11.568999999999999
287,11.215454545454545,11.225999999999999,0.2701123335341663,10.838999999999999,10.863,10.988,11.4035,11.527,11.562,10.815,11.597
288,11.236818181818181,11.326,0.40808401541393863,10.675,10.807,10.9665,11.505500000000001,11.661999999999999,11.77,10.543,11.878
289,11.339181818181817,11.461,0.4560736383922707,10.713999999999999,10.811,10.9555,11.6405,11.86,11.9345,10.616999999999999,12.009
290,11.433454545454545,11.488999999999999,0.29917832930757665,10.988499999999998,11.145999999999999,11.2325,11.632,11.765,11.788499999999999,10.831,11.812
291,11.392272727272728,11.261,0.364145874865854,10.9435,11.124,11.198999999999998,11.5825,11.825,11.9545,10.763,12.084
292,11.350363636363635,11.254999999999999,0.4346925977578343,10.870000000000001,10.975,11.035499999999999,11.5635,11.824,12.0505,10.765,12.277
293,11.373272727272727,11.289,0.38701966123417825,10.862,11.076,11.1875,11.572,11.92,11.966999999999999,10.648,12.014
294,11.445,11.503,0.33166609715194,10.954999999999998,11.123,11.2295,11.689,11.801,11.8325,10.786999999999999,11.863999999999999
295,11.538272727272727,11.543,0.44835322925325083,10.983,10.984,11.289,11.646999999999998,12.068,12.2845,10.982,12.501
296,11.229363636363637,11.356,0.7578808973350987,10.059000000000001,10.65,10.941500000000001,11.6765,11.792,12.09,9.468,12.388
297,11.167727272727273,11.431,1.100876204748662,9.5535,11.136,11.2075,11.654,11.943,11.957,7.971,11.971
298,11.330636363636364,11.539,0.8756950693851452,9.928,10.937,11.2275,11.8445,11.985,12.032499999999999,8.919,12.08
299,11.328454545454544,11.520999999999999,0.9355962124374343,9.84,10.919,11.1965,11.895,12.084,12.1035,8.761,12.123
300,11.360090909090909,11.565999999999999,0.9249229648511768,9.908,11.116,11.3995,11.808499999999999,11.922,12.0045,8.7,12.087
301,11.508,11.589,0.6353328261627914,10.572,11.372,11.4405,11.7905,12.004999999999999,12.123,9.772,12.241
302,11.550181818181818,11.683,0.7572810334587574,10.427499999999998,11.270999999999999,11.370000000000001,11.871500000000001,11.988999999999999,12.323,9.584,12.657
303,11.531636363636363,11.76,0.7882729568781709,10.235499999999998,11.171,11.562999999999999,11.872,11.955,12.087499999999999,9.299999999999999,12.219999999999999
304,11.560454545454546,11.668,0.8116110353656316,10.3445,11.474,11.565000000000001,11.961500000000001,12.078,12.119,9.215,12.16
305,11.771545454545453,11.743,0.2892104298383321,11.375,11.395999999999999,11.532,12.0105,12.103,12.125499999999999,11.354,12.148
306,11.878636363636364,11.874,0.3097913080534288,11.442499999999999,11.514,11.6905,12.035,12.295,12.341999999999999,11.371,12.389
307,11.925181818181818,11.881,0.3795085817690609,11.408999999999999,11.565999999999999,11.7045,12.163499999999999,12.365,12.464,11.251999999999999,12.563
308,11.887727272727272,11.988,0.4089648128895911,11.294,11.385,11.625499999999999,12.177,12.382,12.4265,11.203,12.471
309,11.99409090909091,12.058,0.4626463994338341,11.381499999999999,11.401,11.6975,12.091,12.633,12.7395,11.362,12.846
310,12.118363636363636,12.235999999999999,0.5904607138035983,11.356,11.404,11.629999999999999,12.352,12.935,13.0185,11.308,13.102
311,12.139454545454544,12.32,0.5896908280847452,11.3805,11.493,11.626999999999999,12.430499999999999,12.975999999999999,12.9985,11.267999999999999,13.020999999999999
312,12.174090909090909,12.28,0.5390050935836238,11.416,11.487,11.681,12.565999999999999,12.688,12.8015,11.344999999999999,12.915
313,12.153363636363636,12.324,0.597731088822938,11.296,11.372,11.672999999999998,12.597000000000001,12.735,12.847999999999999,11.219999999999999,12.961
314,12.268636363636363,12.485,0.7273999275126816,11.114,11.238,11.788,12.85,12.955,13.0055,10.99,13.056
315,12.320272727272727,12.56,0.6707317035758918,11.247499999999999,11.619,11.9345,12.806999999999999,12.905,12.954999999999998,10.876,13.004999999999999
316,12.442181818181819,12.622,0.6524793970972291,11.378499999999999,11.65,12.078,12.9455,13.025,13.0395,11.107,13.054
317,12.664181818181818,12.879999999999999,0.6147296671191032,11.6875,12.045,12.3875,12.9625,13.155,13.338,11.33,13.520999999999999
318,12.726727272727272,12.714,0.7429465782825961,11.729,12.036,12.273,13.0765,13.190999999999999,13.7305,11.422,14.27
319,12.792272727272728,12.761,0.8196992242169185,11.8345,11.977,12.2635,13.0715,13.368,14.029,11.692,14.69
320,12.880454545454546,12.932,0.6867378486200338,11.965,12.062,12.536,13.0365,13.429,13.9235,11.868,14.418
321,12.927727272727273,12.855,0.6651139888634265,12.126,12.282,12.485,13.1935,13.734,14.0055,11.969999999999999,14.277
322,12.882272727272728,12.908999999999999,0.6050629869541004,12.036999999999999,12.169,12.6295,13.04,13.565999999999999,13.843,11.905,14.12
323,12.85,12.792,0.5525048416077456,12.075,12.077,12.6345,13.059999999999999,13.465,13.708,12.073,13.951
324,12.897818181818181,13.023,0.4140501945855884,12.234,12.358,12.707,13.089500000000001,13.277,13.369499999999999,12.11,13.462
325,12.993818181818181,13.073,0.38532552943759585,12.3865,12.648,12.782499999999999,13.251,13.34,13.3945,12.125,13.449
326,13.298636363636364,13.263,0.6449352328299753,12.335999999999999,12.54,13.0195,13.6385,13.679,14.119,12.132,14.559
327,13.391727272727273,13.528,0.7420474500878083,12.1625,12.269,13.126999999999999,13.746,14.096,14.321,12.056,14.546
328,13.33909090909091,13.563,0.6353206205602734,12.248999999999999,12.391,13.074,13.6375,13.934,14.0285,12.107,14.123
329,13.304636363636364,13.478,0.5257370583718203,12.4925,12.778,12.9915,13.639,13.709,13.886,12.206999999999999,14.063
330,13.384090909090908,13.527,0.4448958202872791,12.7365,13.049,13.1265,13.697,13.875,13.891,12.424,13.907
331,13.51990909090909,13.499,0.5823029202306055,12.721,13.049999999999999,13.242999999999999,13.715,14.209,14.4035,12.392,14.597999999999999
332,13.598727272727272,13.485999999999999,0.5749652321504481,12.907,12.940999999999999,13.3715,13.687999999999999,14.499,14.6255,12.873,14.752
333,13.671363636363637,13.717,0.6251796978033228,12.9525,12.999,13.225,13.959,14.154,14.594,12.906,15.033999999999999
334,13.678272727272727,13.526,0.7349213687067603,12.852,13.009,13.1595,13.904499999999999,14.625,14.922,12.695,15.219
335,13.651545454545454,13.695,0.7802375745420572,12.777999999999999,12.863,12.994,13.899999999999999,14.302999999999999,14.857499999999998,12.693,15.411999999999999
336,13.837090909090909,13.827,0.8259603446347114,12.894,12.984,13.395499999999998,13.9735,14.245,15.082,12.804,15.919
337,14.043636363636363,14.011,0.6799101812338555,13.1735,13.399,13.712,14.3135,14.497,15.0395,12.948,15.581999999999999
338,14.103363636363635,13.949,0.6318994022353993,13.273,13.394,13.7575,14.4185,14.692,15.0475,13.152,15.403
339,14.182181818181817,14.285,0.6663678891095847,13.3795,13.395999999999999,13.592500000000001,14.509,14.629999999999999,15.108,13.363,15.586
340,14.221272727272728,14.345,0.7742924629504141,13.187999999999999,13.258,13.538499999999999,14.599499999999999,15.323,15.342,13.118,15.361
341,14.208454545454545,14.44,0.8497766016590907,13.100999999999999,13.19,13.429499999999999,14.5975,15.217,15.416,13.012,15.615
342,14.280909090909091,14.5,0.8205296404817388,13.175999999999998,13.283999999999999,13.581499999999998,14.675,15.432,15.4755,13.068,15.519
343,14.387545454545455,14.602,0.921657242540454,13.0795,13.238999999999999,13.5485,15.0855,15.387,15.421,12.92,15.455
344,14.470272727272727,14.78,0.8881186959983547,13.1165,13.397,13.761,15.141,15.331,15.3415,12.836,15.352
345,14.489545454545455,14.786,0.9770424109153463,13.045,13.295,13.801,15.1905,15.42,15.6415,12.795,15.863
346,14.516454545454545,14.684,0.9601630448664815,13.3595,13.668,13.7775,15.251,15.647,15.816500000000001,13.051,15.986
347,14.706545454545454,14.693999999999999,0.9490789602173643,13.518,13.778,14.080499999999999,15.3445,16.099,16.1005,13.258,16.102
348,14.786363636363635,14.652,0.9478456913155509,13.5215,13.772,14.231,15.5315,16.031,16.1205,13.270999999999999,16.21
349,14.727545454545455,14.182,1.0217792681040625,13.712,13.946,13.977,15.7375,16.023,16.197000000000003,13.478,16.371000000000002
350,14.824181818181819,14.168,1.1154191874073014,13.8155,13.926,13.956499999999998,15.7575,16.445,16.5285,13.705,16.612000000000002
351,14.962,14.914,1.1198657955308753,13.733,13.799,13.900500000000001,15.7895,16.55,16.613500000000002,13.667,16.677
352,15.107181818181818,15.511,1.138955997234469,13.703,13.777,13.9905,16.0595,16.302999999999997,16.5035,13.629,16.704
353,15.171363636363637,15.262,1.1647191311837608,13.6665,13.84,14.082999999999998,16.098,16.462,16.6715,13.493,16.881
354,15.125727272727273,15.325,0.9409043618677821,13.745000000000001,13.974,14.4665,15.6415,16.363,16.393,13.516,16.423000000000002
355,15.115818181818181,15.144,0.8575738823193971,13.938500000000001,14.079,14.497,15.8095,16.032,16.237499999999997,13.798,16.442999999999998
356,15.130090909090908,15.134,0.8713627780144675,14.117,14.406,14.458,15.686499999999999,16.131,16.441,13.828,16.750999999999998
357,15.361727272727272,14.981,0.9616274841027669,14.471,14.511,14.685,15.9005,16.958,16.96,14.431,16.962
358,15.27090909090909,15.09,0.8025494943672262,14.292,14.347999999999999,14.9225,15.657,16.363999999999997,16.535999999999998,14.236,16.708
359,15.134454545454545,14.994,0.731967125441623,14.350000000000001,14.403,14.5395,15.528500000000001,16.310000000000002,16.346,14.297,16.381999999999998
360,15.236636363636363,15.23,0.7242898967578203,14.201,14.31,14.8835,15.613,16.198999999999998,16.319,14.092,16.439
361,15.367181818181818,15.315,0.6739152495947571,14.422999999999998,14.693999999999999,14.9465,15.895499999999998,16.139,16.2715,14.152,16.404
362,15.456090909090909,15.394,0.5677914149659987,14.657499999999999,14.681,15.1995,15.763,15.939,16.266,14.634,16.593
363,15.631454545454545,15.533999999999999,0.5283117192787543,14.873999999999999,14.921,15.353,15.969000000000001,16.188000000000002,16.3645,14.827,16.541
364,15.704727272727272,15.558,0.5427085941661682,15.020499999999998,15.190999999999999,15.3665,16.1005,16.474,16.511000000000003,14.85,16.548000000000002
365,15.712,15.531,0.5997852949181067,14.963999999999999,15.177999999999999,15.388,16.139,16.59,16.627000000000002,14.75,16.664
366,15.564333333333332,15.394,0.7530885295457183,14.959299999999999,15.0076,15.1525,15.890999999999998,16.1892,16.2886,14.911,16.387999999999998
